timestamp_ms,request_id,duration_ms,billed_ms,mem_size_mb,mem_used_mb,init_ms,cold_start
1781211149182,0ff0f470-695c-47c5-8042-f9b34b2c72fa,302.68,795.0,128,96,492.18,True
1781211151602,3ed775f4-5368-4611-ac15-29f6dfc6d039,46.99,47.0,128,96,,False
1781211155822,11a8c131-ed11-4b5e-85cf-e03068e50df2,37.13,38.0,128,96,,False
1781211160002,e24cd620-290a-43da-8ca6-f2390fd85cb7,47.48,48.0,128,96,,False
1781211163462,6f2678c4-2b72-486e-be65-c5003dfb84a5,72.39,73.0,128,96,,False
1781211166801,7b090e2b-63fc-4b93-8b73-7b622b934a52,34.75,35.0,128,96,,False
1781211171101,011bdd33-49b2-481c-970f-753dd6714497,39.79,40.0,128,96,,False
1781211175182,6dcbb712-a4be-4ea3-b2f2-04c0309eeb13,50.26,51.0,128,96,,False
1781211178642,ceef0018-2b09-4c7e-a73d-ffdf59f3357d,48.44,49.0,128,96,,False
1781211182262,0fc978d5-627b-4b50-93e4-70daa4b6842f,53.13,54.0,128,96,,False
1781211186602,13cb70f0-478f-4a8a-99f0-e51b19da2452,47.5,48.0,128,96,,False
1781211191001,1fa559b2-6380-41f4-9f69-5584dbccef94,54.59,55.0,128,96,,False
1781211194322,07424f82-a742-4995-9703-0d0c0b68ac61,44.59,45.0,128,96,,False
1781211197602,a072d5d1-a9ea-485b-a05b-501eb045f069,48.08,49.0,128,96,,False
1781211201822,56ace15f-992f-445d-bf12-6b4e12a3bfeb,51.37,52.0,128,96,,False
1781211206243,d50d2c86-b2d0-4543-bd7a-9d905b092d7d,53.71,54.0,128,96,,False
1781211209682,2628fd17-3462-4c8a-803b-ca494cffd991,76.03,77.0,128,96,,False
1781211213662,eb416445-99b5-4a2e-85e2-0903b98f68a3,37.27,38.0,128,96,,False
1781211217382,c20934c3-4e69-4825-a588-79d152d6d193,55.99,56.0,128,96,,False
1781211221442,3a7d786a-d007-4d37-be8c-9cfde163ae42,45.17,46.0,128,96,,False
1781211225702,ce465225-fb5f-451c-8180-850afef33e85,50.49,51.0,128,96,,False
1781211229182,9df8a9c2-2ceb-400a-91c3-38ff250a9c7b,34.97,35.0,128,96,,False
1781211233542,5a11d5c9-d7ec-4288-af07-b9c309f4c5d6,58.71,59.0,128,96,,False
1781211237762,9fb0b73e-c16b-4356-a5a6-15ef4a190dc9,53.78,54.0,128,96,,False
1781211241962,e2cc5cc3-aeb6-4319-b745-46ef19ce969f,57.05,58.0,128,96,,False
1781211246242,309bf947-993b-4613-b91b-f51bbe688f17,76.7,77.0,128,96,,False
1781211249642,8aec254f-f4f2-4ea6-8499-09f5efd15962,41.67,42.0,128,96,,False
1781211250662,c0b27527-dce7-4791-8124-735e83e79874,50.61,51.0,128,96,,False
1781211252242,f4e733d0-5c8b-4ca7-a873-d176cf7e32f5,33.31,34.0,128,96,,False
1781212597075,c545361e-5e00-4846-a621-f26bffa1256c,394.74,835.0,128,96,439.54,True
1781212600675,208d37c7-9503-49eb-920c-9630cdc6767f,64.25,65.0,128,96,,False
1781212604715,c7565bb8-35d7-4d7c-8e51-5c80fb2d930c,70.36,71.0,128,96,,False
1781212609075,3074d8bb-0e9d-408c-8868-70ddf06f83f9,75.07,76.0,128,96,,False
1781212612415,6bbd82b7-d97c-4aac-b51a-0f819f963df6,85.56,86.0,128,96,,False
1781212616715,43568795-982e-41a1-8c7e-ec52a84ea37b,79.22,80.0,128,96,,False
1781212620975,84af7452-79e8-442c-857b-632cc57533a5,114.06,115.0,128,96,,False
1781212625175,a98704b3-bc59-4f3d-a221-bee8646e6182,73.91,74.0,128,96,,False
1781212628815,118cc8ae-9109-42a9-90e8-4456f2ec8b8c,80.36,81.0,128,96,,False
1781212632975,1f62809e-0736-4cbc-a6fd-bcf55423ab5d,80.32,81.0,128,96,,False
1781212637275,401d5b0f-807f-4822-aeb7-0ee2cb9b02db,72.29,73.0,128,96,,False
1781212641475,b42c2e56-50e4-453a-903b-1a792d21184f,58.0,59.0,128,96,,False
1781212644915,0f97fe2b-1926-4fff-9ad8-7477e8347d61,59.35,60.0,128,96,,False
1781212649195,e0a83558-1f49-4ec4-a814-f111b68e1873,77.05,78.0,128,96,,False
1781212652555,48d306bd-2f4b-4a69-87e7-9e2bc2ce072f,76.29,77.0,128,96,,False
1781212656975,a1653173-9c96-4c3f-bbf3-2a42cc031c2b,115.0,115.0,128,96,,False
1781212661276,779991d7-fefb-4eff-ba46-38641d79f04e,134.61,135.0,128,96,,False
1781212665395,219bd4a0-ae50-4f68-815b-f974ff36830f,79.58,80.0,128,96,,False
1781212669635,f66f53bc-dc04-42b5-88ad-65990302d24b,55.38,56.0,128,96,,False
1781212673435,d4030f1b-3b22-4927-a3bb-b7324285da88,74.78,75.0,128,96,,False
1781212677335,3242bcfd-612f-44a3-9593-16c549724756,55.4,56.0,128,96,,False
1781212681755,8d91c6bd-5bca-47ad-9d18-296f057d2723,85.44,86.0,128,96,,False
1781212685855,c9fafcc1-06d2-4610-a976-f341b65792b5,81.88,82.0,128,96,,False
1781212690235,7c1c4272-0e0b-458a-ac40-79b78b259f95,61.57,62.0,128,96,,False
1781212694375,1b40483a-9102-41eb-bd6d-c20f47e87aca,63.22,64.0,128,96,,False
1781212698495,91762a21-12e3-487f-a7f2-d358bc858cc3,59.41,60.0,128,96,,False
1781212702795,d21c2443-2f33-45f5-8bf7-1d5aac02b965,73.44,74.0,128,96,,False
1781212705775,f54f56ec-0681-49e4-a864-835a3fe8c5de,93.67,94.0,128,96,,False
1781212707015,9b3b0269-a21a-44e7-b51a-57a5c5ffd6f0,53.89,54.0,128,96,,False
1781212708135,9ed26395-4f04-4969-b378-ec5acdc260a1,73.04,74.0,128,96,,False
1781266019040,daeb0edc-975c-44db-8d1f-c77637d6dcab,348.51,874.0,128,96,524.77,True
1781266020579,80a464cc-38a5-4150-bb3e-98fe96f776ca,60.31,61.0,128,96,,False
1781266023059,33d268d7-3b6b-46c8-be2e-9f7871fb1f93,41.14,42.0,128,96,,False
1781266025660,e0f468d7-b17b-4a8a-ab5f-79729688372e,50.25,51.0,128,96,,False
1781266028999,fd7a7bfb-8d54-47d2-931f-c34a33a3cfcc,48.47,49.0,128,96,,False
1781266031519,0a76881b-565c-4cee-a0c5-a25fe0cb533c,31.51,32.0,128,96,,False
1781266034399,604c24f0-5b04-42bc-8982-b0f4dbe2c8da,42.41,43.0,128,96,,False
1781266036959,5d7ab404-01d4-4fd4-bba0-d3cc25636204,49.46,50.0,128,96,,False
1781266040099,709f621b-d969-4704-a20e-168dc87a43d7,43.26,44.0,128,96,,False
1781266042859,8019b00e-58c2-4f93-86b7-bf3d48b784ae,51.1,52.0,128,96,,False
1781266045299,ab1e603f-db64-48cc-b1cd-cf4f9d2f0839,49.54,50.0,128,96,,False
1781266047859,86c77946-8636-46f4-a15f-2496f366a75a,54.86,55.0,128,96,,False
1781266051139,adf11d6b-2ec5-4578-a1d0-af8b836b8856,53.43,54.0,128,96,,False
1781266054039,ce1fa2dc-fb7b-4706-b32b-9d49a99da0b6,49.98,50.0,128,96,,False
1781266056458,e559262c-814d-45fe-bc68-cb68d1952f22,42.31,43.0,128,96,,False
1781266059700,080113fb-f750-4781-b84f-a306b7277cdc,49.49,50.0,128,96,,False
1781266062399,5a8e527a-8c88-4e92-a428-8d86beeeffac,48.4,49.0,128,96,,False
1781266065019,d3f29cc0-4d5e-4954-a5f8-eb66ee31dee4,42.32,43.0,128,96,,False
1781266067419,a30ad7f9-6bd1-40a8-9be5-e0810b38f9c8,52.21,53.0,128,96,,False
1781266070880,82ed094b-a211-49d6-88f5-3e11712ad69d,52.35,53.0,128,96,,False
1781266074400,0811f956-2fe2-41fd-8e5f-7a0308b71a25,45.97,46.0,128,96,,False
1781266077059,8c839763-465b-4267-878e-e4a937c48aad,58.54,59.0,128,96,,False
1781266080439,0a5ec508-9c02-42e0-b6ab-e59b839b6daf,69.87,70.0,128,96,,False
1781266083680,5cd68c11-ff34-4dc9-a10f-8ec26b33e50b,44.38,45.0,128,96,,False
1781266086379,bf674c3f-1159-41fb-bee9-4370617948a2,35.5,36.0,128,96,,False
1781266089620,8294c29c-7a8a-4f70-a98b-3b5b69de0e36,45.52,46.0,128,96,,False
1781266093239,d0e94c25-7245-4179-b627-15a9c4e1a42f,35.41,36.0,128,96,,False
1781266095559,42ddad89-0c5b-4b09-aae5-ba42483009e3,43.59,44.0,128,96,,False
1781266097439,2d84e3a3-cfac-4b3c-bf9f-52bd76a7703a,54.96,55.0,128,96,,False
1781266098419,7e76b2f6-e3f7-4f94-b5f5-f5a0037d6aa0,40.48,41.0,128,96,,False
1781266099019,8ae72cbf-a4f3-4126-a1f5-8305a1251a9c,34.46,35.0,128,96,,False
1781288595048,d87b3ffc-d79d-4f09-8ca7-d247651f6402,338.18,950.0,128,95,611.1,True
1781288598488,df0a7171-7bd1-49bc-9dbe-5f4bb0938367,59.25,60.0,128,95,,False
1781288602668,b7541213-029f-46b8-a5b5-472e3f434c8b,35.88,36.0,128,95,,False
1781288607628,be814267-9500-42fe-ab9c-cc5dace7606d,46.0,46.0,128,95,,False
1781288612108,faef4acd-38d1-4d29-a10c-4b0f21aa87e4,51.79,52.0,128,95,,False
1781288616248,80fa6d59-1327-49d9-b206-71b5965f7222,53.43,54.0,128,95,,False
1781288621308,57fe18b2-6f7e-4172-b53d-da4f60b2876b,45.69,46.0,128,95,,False
1781288625768,6fa848dc-24d7-445b-8957-08743bd3324f,43.74,44.0,128,95,,False
1781288630608,052e3705-ae79-4b36-9ab0-5a25349077d3,59.38,60.0,128,95,,False
1781288634748,19624e44-48f5-4a6e-a3ac-6b1c8ce03e97,35.33,36.0,128,95,,False
1781288639309,36756dbc-233d-4d37-930b-9bcd11e5427e,50.56,51.0,128,95,,False
1781288643389,2e6c7384-a21c-4229-9f9e-0a8047cd7b66,41.8,42.0,128,95,,False
1781288647808,1ce12be7-9d0e-4fdd-b3b5-8cf076198742,54.46,55.0,128,95,,False
1781288653009,d1776b4f-097f-42fc-8964-354f2eb31231,51.26,52.0,128,95,,False
1781288657088,65c42a9a-a7e6-4abd-9cca-ad5ee3a8a041,99.79,100.0,128,95,,False
1781288661749,356e89f0-858d-4e6c-926a-f4e2689bd9a6,49.69,50.0,128,95,,False
1781288665769,a6260d5b-8b3e-458f-bf0d-c2242871fd98,45.24,46.0,128,95,,False
1781288670809,10ec0bdd-5a99-44b1-ad83-e8cf7da38e4d,47.81,48.0,128,95,,False
1781288674989,2ff178db-42a1-4f03-a113-b3baffe3ca90,41.99,42.0,128,95,,False
1781288679329,fcd65f8d-08c3-4a8c-9071-799637589224,29.85,30.0,128,95,,False
1781288684529,d4ca45b2-692f-4278-9fae-8392cc5a8a64,44.47,45.0,128,95,,False
1781288688869,d12cafc9-991d-42bb-aebb-342adbd08173,47.27,48.0,128,95,,False
1781288693709,97e7a1cd-538d-4659-ba68-b9703e381824,44.64,45.0,128,95,,False
1781288697969,96daeb2a-44e8-4f72-8181-38a394b8b82f,47.88,48.0,128,95,,False
1781288702469,0f45cf30-c719-4efc-83d0-f74ea169b94b,33.57,34.0,128,95,,False
1781288707390,a4f4f1b5-9d45-4322-a6bf-9a7fdaef8311,40.74,41.0,128,95,,False
1781288711830,87a42939-2c93-4487-88de-8120a84217ac,57.91,58.0,128,95,,False
1781288715149,72a85958-e180-4d06-8b5a-da5cbcee4530,106.54,107.0,128,95,,False
1781288718529,c4446925-034d-42d4-a0c3-0b4e1c75e79f,42.53,43.0,128,95,,False
1781288722189,22b57bf5-8253-4554-96b3-b4b8d6ae1782,36.38,37.0,128,95,,False
1781288723049,1dfb9f00-5362-460c-b70c-d035e31acab9,41.94,42.0,128,95,,False
1781288724849,28d430b2-a55d-43eb-bf82-0f73a39f7b76,49.8,50.0,128,95,,False
1781290349161,b28131da-5114-4cdc-9693-6a7ac35a654d,360.94,919.0,128,93,557.75,True
1781290353201,343bbbe5-79da-404d-acc8-54cb4ae229a7,48.9,49.0,128,94,,False
1781290356980,9d22b07e-b853-4866-8523-78d3d237230c,44.65,45.0,128,94,,False
1781290361801,96076147-f71d-43c3-ad8a-11a767a9c75c,47.0,47.0,128,94,,False
1781290366061,282f20ae-3fd9-4403-8e47-71d963052cc3,59.38,60.0,128,94,,False
1781290370403,98919c47-6260-4e8e-ad7a-6b7f5f536ac0,53.23,54.0,128,94,,False
1781290375621,13d16836-ee62-4c52-921e-9e2b2400eea0,45.86,46.0,128,94,,False
1781290379581,5ac5c028-2ad7-45bb-abb0-4a40864cfbe1,34.2,35.0,128,94,,False
1781290383921,7f70442a-b27b-4fd6-8bee-f6388de18846,49.98,50.0,128,94,,False
1781290388241,a6c2979c-729e-4ed6-a46e-1b49e6c71844,57.62,58.0,128,94,,False
1781290392481,d420cc6c-10fe-4717-8ee2-a9a7acfe1cba,58.59,59.0,128,94,,False
1781290396821,d7af8c1a-fb31-40a0-b0a4-fbe8de4c709d,46.61,47.0,128,94,,False
1781290401021,bfeebbbe-d6c1-4826-8dac-08510dc10d12,56.7,57.0,128,94,,False
1781290406102,af07c89b-a099-46dc-a0ae-f1f66cdf6777,44.91,45.0,128,94,,False
1781290410461,1a2f4e68-51d5-4ba6-af8e-736238b780e4,87.09,88.0,128,94,,False
1781290414541,568d6f42-05e6-4590-8fc9-0a07926b0923,55.77,56.0,128,94,,False
1781290418941,c28f5c2e-6bff-4775-8f45-e84934d7e8f1,57.04,58.0,128,94,,False
1781290423321,13b39eb6-e92a-4114-8257-5745f0860457,73.61,74.0,128,94,,False
1781290427542,98011725-969d-4201-a081-fc764d6026fb,42.3,43.0,128,94,,False
1781290431882,238527f8-d552-45ad-9dee-004bc99d23ad,46.68,47.0,128,94,,False
1781290436122,38a7bdc0-68a4-4d42-a1a9-18579aa0fbad,58.2,59.0,128,94,,False
1781290440522,c517fdf9-c5c2-4fac-8794-812d363945ef,55.18,56.0,128,94,,False
1781290445722,3f1907e8-d0db-40de-b359-171213141089,62.84,63.0,128,94,,False
1781290449781,e988f47d-5609-4658-aeb7-ff73eb239baa,52.84,53.0,128,94,,False
1781290454142,0b280c60-ec52-4b10-bd4c-34c27c2b26bb,52.19,53.0,128,94,,False
1781290458582,d6671070-0495-4182-8ab2-6b2d6613cfc8,79.29,80.0,128,94,,False
1781290462861,e9a9b2cc-9e64-4527-ab50-159c756fe4f7,56.78,57.0,128,94,,False
1781290472162,16c5c019-3f35-4d3c-9f25-badbc06dd2c4,275.26,276.0,128,94,,False
1781290472702,c3debe81-0ada-4537-a778-cda9940dac27,61.24,62.0,128,94,,False
1781290475421,d3313eda-2b13-4c05-a06f-fe2c452e42bf,57.91,58.0,128,94,,False
1781290479922,90d7f959-8c0a-4d4f-9f51-2d662e540ab8,42.16,43.0,128,94,,False
1781290481561,822271f7-c43b-4169-900e-e40a3abbd24f,57.15,58.0,128,94,,False
1781290483542,ea05d68b-621e-43be-a367-00afec0a5e85,49.87,50.0,128,94,,False
1781291008924,8f360e76-905e-4a5b-8bc3-e045635e7745,326.59,886.0,128,96,558.69,True
1781291011064,54019b0f-500b-4f40-a315-55233f39b07a,61.22,62.0,128,96,,False
1781291013424,0ce3e097-a47e-441b-9e0e-75881efe1822,46.58,47.0,128,96,,False
1781291016204,4b2cc6b5-a9ef-4a24-9416-153b5d1da538,57.2,58.0,128,96,,False
1781291019545,54e986ff-762f-41e2-aaf1-74d9b6706e2f,98.81,99.0,128,96,,False
1781291022184,776c323e-7249-49a5-8fbf-aee91f961e58,48.16,49.0,128,96,,False
1781291025284,3bac788b-a9b1-4bf6-8040-90e30a703852,50.72,51.0,128,96,,False
1781291028324,c5f1d7df-3ff4-44c1-b04a-d0a413f55f1d,41.24,42.0,128,96,,False
1781291031545,1d10b5bd-08a9-4848-ae88-3a2621c33199,50.3,51.0,128,96,,False
1781291034044,e6922a9f-a58d-4a80-820b-e420e93fdbbf,102.2,103.0,128,96,,False
1781291037324,b0a976bc-2f34-4b27-9a83-8f5bb1966d1e,69.7,70.0,128,96,,False
1781291040007,dcfa4cdf-31b4-4f61-bff1-67bb437ee4a8,84.23,85.0,128,96,,False
1781291043383,d5a5931a-1abc-4b51-a81b-70b1ef664bcf,37.88,38.0,128,96,,False
1781291045924,3b7cc851-ef14-4391-ac4d-ed460367f57c,56.51,57.0,128,96,,False
1781291049284,92655d5f-f045-463e-b423-eaef91bcb333,44.65,45.0,128,96,,False
1781291051825,2e7d6399-759f-4a4b-affa-f31159c8c34d,64.67,65.0,128,96,,False
1781291055345,ba95570b-acf9-4939-bbf5-a537ee5141a4,46.22,47.0,128,96,,False
1781291058164,132a5bf3-b547-451f-9161-12a8b0af3c1f,47.22,48.0,128,96,,False
1781291061284,1ae552bd-77cf-4b45-8c22-4abd4f70d3de,49.87,50.0,128,96,,False
1781291063844,d76c518e-89d0-4202-856e-076bcaec0e1b,43.87,44.0,128,96,,False
1781291067245,6b03ef28-135b-4239-869d-25cc5ad24aa9,33.11,34.0,128,96,,False
1781291070804,6b21b13a-110d-4544-a17a-e15af5ffb2a6,63.43,64.0,128,96,,False
1781291074304,5d6b874e-a6dd-408d-a589-13111013c43e,47.65,48.0,128,96,,False
1781291077464,8328418b-3117-4424-9417-1b5964c33a7f,41.27,42.0,128,96,,False
1781291080884,5372c731-db56-485a-8685-d76c514ea8fc,92.66,93.0,128,96,,False
1781291084344,cc3e83ba-a0c6-4d84-94b6-b0ca550f29b5,32.73,33.0,128,96,,False
1781291087585,0c70ec86-e08c-496b-b812-878c93f5bb1f,56.97,57.0,128,96,,False
1781291090245,afc3057f-65ea-491d-9295-867b342fae86,53.78,54.0,128,96,,False
1781291093524,945bd3c0-eae9-445d-be92-5aa878bf3dc4,51.45,52.0,128,96,,False
1781291096284,60fc9042-a58a-4199-b52a-b00594669f57,43.59,44.0,128,96,,False
1781291098784,18741243-6eef-402d-8d8e-98306a830b41,53.06,54.0,128,96,,False
1781291102146,a68d81f8-c2a8-4c55-bcf1-a3b4a3778f43,51.89,52.0,128,96,,False
1781291102984,9b34c296-f72c-4b47-b947-4e346bc39bec,43.52,44.0,128,96,,False
1781291103924,d832a06f-8689-48bb-bc6f-b445201ec5f8,64.66,65.0,128,96,,False
1781292014833,c46a0bed-8e38-466a-aa96-fb0196de74fe,321.97,880.0,128,96,557.57,True
1781292016153,7fa271d9-6cf5-4d80-ba49-6a8483dd3824,54.31,55.0,128,96,,False
1781292018733,303d18b0-97d5-4a76-9e6f-2640081e139a,52.09,53.0,128,96,,False
1781292021953,96b6040b-69e7-46e5-ac90-d44c92124a76,43.68,44.0,128,96,,False
1781292024553,169911b0-9188-4294-96ea-a93ac615ccaa,38.0,39.0,128,96,,False
1781292027133,fa65ec7a-7500-45f1-9bc6-54432f585a32,42.15,43.0,128,96,,False
1781292029713,81d6be35-ac44-47b7-a5db-cd30fc1c0560,53.09,54.0,128,96,,False
1781292033293,f90f9e05-cd66-4f65-be4b-38c6aa8555f7,42.95,43.0,128,96,,False
1781292035973,27108e94-d875-49d7-9dd4-400640dce832,33.55,34.0,128,96,,False
1781292038313,4d6f203a-b4a0-4d87-858c-cff38a2369e8,79.93,80.0,128,96,,False
1781292041613,b3332c96-052b-4fb5-98f2-bf229e4c3f3f,47.28,48.0,128,96,,False
1781292044353,1179f03f-0cae-41f7-b3a7-0fdd80f8359c,38.25,39.0,128,96,,False
1781292047793,bce317f7-7129-4479-b3dd-5b94c5e8eb2f,37.88,38.0,128,96,,False
1781292050333,6a3d8c86-4b84-44ad-a9e6-78c15ee2eef7,37.77,38.0,128,96,,False
1781292052853,9ca8678e-7353-459c-bcb1-52356e660e53,49.68,50.0,128,96,,False
1781292056053,0822a64e-2c6e-43a9-b52a-8a748ba89207,52.64,53.0,128,96,,False
1781292059013,e01cb1a2-5b2b-4368-adf5-b3aa227d4a86,53.32,54.0,128,96,,False
1781292061473,3c46f037-a77c-4b7f-b039-0f578d58ac27,38.42,39.0,128,96,,False
1781292064593,02673050-87cc-4c7d-af54-b6662b1b33f6,26.42,27.0,128,96,,False
1781292067213,ca3c251b-a413-410a-b8ef-07eccdd146a4,54.95,55.0,128,96,,False
1781292070572,c3bc059c-6c3a-453e-a802-5d8d992071b6,31.71,32.0,128,96,,False
1781292072953,4aa67963-d47c-44e9-b44c-34a7c16b8cb3,40.35,41.0,128,96,,False
1781292074053,9a8df789-2ab2-4700-b060-ad9f2fdf29c3,71.65,72.0,128,96,,False
1781292076813,1401e09b-b500-4fc2-90e0-04dc1759dffb,43.11,44.0,128,96,,False
1781292077353,de80bd44-5c65-4742-bf82-197a2341e77f,42.35,43.0,128,96,,False
1781292079912,78f06e4e-ed23-49f6-896c-c14cbbffd8e5,33.98,34.0,128,96,,False
1781292081793,e3f4cb79-b08c-4b21-95cb-da3c0256148b,58.84,59.0,128,96,,False
1781292083433,25605798-ae95-45b4-9297-3474a9143b25,94.9,95.0,128,96,,False
1781292086053,21ad43b7-443e-4a95-869d-58fed577317f,98.61,99.0,128,96,,False
1781292086593,0bf5d0c1-41f4-4a74-bea5-f256de85ee74,37.73,38.0,128,96,,False
1781292089313,ce5d7f3c-0012-4ae4-9923-71fc7e5bbf47,46.88,47.0,128,96,,False
1781292090493,924f64ff-7381-478b-b792-b03e27bc2468,45.68,46.0,128,96,,False
1781292092813,e9d1cecb-37da-41c8-befc-2be63b85c992,44.17,45.0,128,96,,False
1781292094672,1dea280f-3451-4d99-828a-4b64ff0911c4,71.25,72.0,128,96,,False
1781292095412,13ff4c75-b3e7-4f40-8afd-f8ac8e714c20,27.71,28.0,128,96,,False
1781292097913,d4f8f204-0188-4b95-b896-419e59736890,42.56,43.0,128,96,,False
1781292098952,fdbd0751-0a28-4bc6-b952-c39274f579a2,32.89,33.0,128,96,,False
1781292101193,927710f0-8fb4-41d3-9786-738c0b558510,39.69,40.0,128,96,,False
1781292103052,1cdc82d2-f46d-489f-8f98-1b23c2e33b9a,35.21,36.0,128,96,,False
1781292103293,eb6c2fbe-dde4-4cae-af13-af04571de660,57.81,58.0,128,96,,False
1781292105533,1478fe7a-22b0-40c3-a83b-4bab1ff54144,56.1,57.0,128,96,,False
1781292106552,6dcd85b8-86af-49cd-98ad-47c50fea9251,42.65,43.0,128,96,,False
1781292107213,3f853d3e-66e7-4349-ba82-c9c53f71d2d3,51.29,52.0,128,96,,False
1781292107274,83594bb0-2db4-451d-8f42-fae80364c371,54.65,55.0,128,96,,False
1781292111833,f53649f3-22a1-40cd-ac0a-2f0da2e970b9,41.93,42.0,128,96,,False
1781292115712,b1d88ea4-7c96-4da9-a095-f1166d6cf63f,32.05,33.0,128,96,,False
1781292120012,a5111708-6df9-40df-ae0e-045b04d58af5,42.46,43.0,128,96,,False
1781292124453,4e2a0710-637e-4d1d-9945-e50f8c4c7385,40.75,41.0,128,96,,False
1781292128933,5b1abefc-dee2-4afb-ae76-478daa2230c5,55.26,56.0,128,96,,False
1781292132932,952f61be-afd7-4d31-8d7d-3b6202d55bc5,55.05,56.0,128,96,,False
1781292137073,56a7865a-c0d1-4fd7-b138-f778b868b2a9,76.67,77.0,128,96,,False
1781292140853,33e5b7fb-50fd-44e1-81d2-d4c69845a971,50.14,51.0,128,96,,False
1781292145053,bdce4a1a-5008-4707-8003-5881322be8af,50.39,51.0,128,96,,False
1781292149312,4f437909-4279-4e3e-8fe5-b638a5f51458,32.91,33.0,128,96,,False
1781292154073,372fbf12-03f2-4c20-886a-506fc23b66ff,46.57,47.0,128,96,,False
1781292158453,0ca35af3-b7f6-4895-9324-f9e772cc9768,32.32,33.0,128,96,,False
1781292162773,4051de1e-7a55-4721-a6f3-95e943a2c6e9,43.26,44.0,128,96,,False
1781292166993,b9781c6c-624d-48ed-adb7-4227bba0583f,33.69,34.0,128,96,,False
1781292171393,8cf60c95-0161-483d-b435-bbbc1441cc83,47.62,48.0,128,96,,False
1781292175612,cdf2a514-084d-4172-9f6c-5bbea36b4e3c,84.85,85.0,128,96,,False
1781292180713,1175f3b5-b0f5-4fa3-aa89-95d927639b43,48.17,49.0,128,96,,False
1781292184713,6f139472-dbe0-4f91-99a4-108c6492c249,51.44,52.0,128,96,,False
1781292189053,cfe15682-13e7-49cf-9a96-91c1baad438d,45.29,46.0,128,96,,False
1781292192653,58e2eae5-55da-4ae3-b68d-6d5a7a6ba46c,38.78,39.0,128,96,,False
1781292197312,b9302c24-688e-46c3-a722-7042c759b36f,72.83,73.0,128,96,,False
1781292201192,0e41ca5f-5cf7-4c61-a5d6-31d0fd91ade2,46.51,47.0,128,96,,False
1781292204612,3f6c91be-176b-4059-b27b-d0159554c084,38.02,39.0,128,96,,False
1781292208012,2cca0c71-e79d-49d1-9d8b-f782e4d0e3d0,49.96,50.0,128,96,,False
1781292208932,408102f7-bfa1-41fd-b01c-5d5998988445,61.44,62.0,128,96,,False
1781292210452,a00ca913-369f-4c85-ba90-d3f8c97e2167,32.2,33.0,128,96,,False
1781293563944,2393a844-6a98-458b-ae10-ca2f5fe87398,308.28,833.0,128,96,524.5,True
1781293567105,cb6e62d6-4901-4438-8895-3f228d5c0bb8,60.96,61.0,128,96,,False
1781293571404,8d20c701-1af5-4284-9740-a6824534e217,57.82,58.0,128,96,,False
1781293576565,df1d0400-f715-4829-9573-9ab73d5c1a0e,48.14,49.0,128,96,,False
1781293580784,fd87b7c4-c67e-4b88-a363-d79ab7c653b1,51.52,52.0,128,96,,False
1781293584985,f5ad063a-2f8e-4308-b5c8-01cc9450c62f,34.29,35.0,128,96,,False
1781293590124,4ed09586-da54-48f9-bf79-e11eee5e0d4c,58.04,59.0,128,96,,False
1781293594283,79c8e9d0-2a69-423e-8ae8-73b3bf33f43b,29.09,30.0,128,96,,False
1781293598724,90a3b3a2-bcff-41da-859a-7e105424e601,45.75,46.0,128,96,,False
1781293602804,3b0986e1-f5c7-45c0-b0c4-6f0cc0e12cbc,39.12,40.0,128,96,,False
1781293607104,6c0cb166-e9c5-4886-9f4a-dc8b58eecd41,56.07,57.0,128,96,,False
1781293611464,fe46906b-07cb-4a92-b866-12b36e8bc5d3,49.07,50.0,128,96,,False
1781293616544,a38a5126-0d7d-4d43-bbe7-2bd1fc33b966,36.6,37.0,128,96,,False
1781293620924,bfc923e2-68da-4bbd-833b-85d72d3aa6b5,55.04,56.0,128,96,,False
1781293625084,1814878e-a2fa-4fff-8683-488fdbb9d3d1,65.73,66.0,128,96,,False
1781293629384,af6f1156-d830-4bbb-b831-ad1535c96d3c,49.79,50.0,128,96,,False
1781293633684,ba1c0d33-a52e-4257-a2c6-67a9d12df4bf,47.93,48.0,128,96,,False
1781293637765,49f4243f-2a60-41f7-b9a3-e11923dd2518,48.84,49.0,128,96,,False
1781293642184,0bebbd21-1dc5-4d67-b00c-9f0ed9b0d280,46.31,47.0,128,96,,False
1781293646364,f56cde29-2628-40db-91d9-c32079769d0c,45.76,46.0,128,96,,False
1781293650724,30de7971-a237-4466-82f5-2c1d18c1ed91,56.49,57.0,128,96,,False
1781293655544,01553eb9-bed1-4e78-b08b-c2be35c5a07f,33.23,34.0,128,96,,False
1781293659844,23578341-3275-4fc1-8b6b-5892093e76a7,55.04,56.0,128,96,,False
1781293664524,34f9237b-9232-4c5c-906c-4c78bdefeec1,57.28,58.0,128,96,,False
1781293668604,2ca3479c-3650-41d3-9b02-0f410f3f6150,50.46,51.0,128,96,,False
1781293672805,44753c0a-f788-4657-8004-91d16b7912b0,43.88,44.0,128,96,,False
1781293677964,5ce06f29-8380-459a-b59e-bb858a323525,51.08,52.0,128,96,,False
1781293682284,f952c671-e3fb-42fc-bc34-4f52432311c0,49.01,50.0,128,96,,False
1781293685765,313012f7-3221-4e88-a369-084d8bfd9ef1,75.39,76.0,128,96,,False
1781293689944,3eaccc1d-3491-48e2-a035-dc06cb8a543c,55.99,56.0,128,96,,False
1781293694045,4db6c33f-43ed-4f5d-a06a-ff85389cfd53,49.65,50.0,128,96,,False
1781293697444,d9f34764-b266-4eb3-acf6-88fbb49fbb7f,45.18,46.0,128,96,,False
1781293701024,b26dc31b-233a-4c31-97df-50f28a519d9d,29.82,30.0,128,96,,False
1781293704384,13ac0f63-0e3e-4265-9dc0-aa4369762dc3,43.66,44.0,128,96,,False
1781293708844,d8039b78-21a1-412f-81e9-f1eb482ce0bf,68.48,69.0,128,96,,False
1781293709504,436ae140-3d49-4c18-837c-98f97925a568,42.27,43.0,128,96,,False
1781293711324,fd9adecf-8992-46e8-9464-42e573bcdb5d,34.16,35.0,128,96,,False
1781342499557,fca1c7ea-3095-48cf-8ba8-aa673220e04f,370.85,824.0,128,94,452.84,True
1781342499837,c51e7f2c-9d20-4796-aa4c-a753b86d2b8e,61.53,62.0,128,94,,False
1781342501617,9f79b4ee-378e-4934-9d88-578f48fe8246,54.74,55.0,128,94,,False
1781342503997,6260f4e2-55a6-44a8-9308-08cfd78a0fa0,45.82,46.0,128,94,,False
1781342506637,671b3d19-bc22-402d-8fb4-35e896d67ba4,74.75,75.0,128,94,,False
1781342506717,972b3fea-2e2f-4df3-829b-aeb6d701575d,74.96,75.0,128,94,,False
1781342739397,91a498d2-dd62-44c4-964a-adfc17632e6a,354.82,355.0,128,94,,False
1781342739838,e263b9a6-6721-46e6-9910-6bafdb30b305,61.78,62.0,128,94,,False
1781342739937,ae7e38a3-8b87-4967-8469-8ac09aeca3f5,59.94,60.0,128,94,,False
1781343367258,86ebe72e-7738-4fc6-972e-878e91cbe661,389.58,390.0,128,94,,False
1781343425878,3614850f-7314-4880-81ef-ec04dc38f4ec,250.85,251.0,128,94,,False
1781343660078,557e3004-a674-40b2-8658-e157a4e001dc,295.65,296.0,128,94,,False
1781343660896,7bdb015b-24a0-4a2d-9214-32af7b413a25,364.34,910.0,128,94,544.89,True
1781343695796,a8d11591-4bec-4c6d-b223-ae8dbe0bdf44,232.66,233.0,128,94,,False
1781343735855,6e356e7b-65d2-4b80-a05f-719c152d5904,248.04,249.0,128,94,,False
1781343758716,407c8bb7-440f-45f7-b70c-25ffe05a0b9a,205.8,206.0,128,94,,False
1781344336318,fd0a8867-ac31-46d7-b46d-25717bb67d2e,313.66,1604.0,128,96,1289.93,True
1781344827970,9bba5e3b-1f65-4534-b023-6891161a8cc0,359.41,935.0,128,96,575.21,True
1781344926569,17955076-b744-40ee-b1b9-929482dda31a,289.1,290.0,128,96,,False
1781344930670,780eec08-4163-4a13-9d12-b2f221dba13f,49.86,50.0,128,96,,False
1781344934809,86bbafdb-90c2-4534-b1bb-8bb7dcd42ed7,52.45,53.0,128,96,,False
1781344938429,6f8a5f36-c9ef-4bb5-8f94-e58c82c1913e,71.63,72.0,128,96,,False
1781344942609,a247aed6-b0e2-4e05-baba-0e3d921068da,57.75,58.0,128,96,,False
1781344946789,455de787-fcd3-4889-9df9-860ade07598b,27.43,28.0,128,96,,False
1781344950229,f89018a5-53eb-4f53-ae3d-65440a39bca4,62.86,63.0,128,96,,False
1781344955330,853e7546-6e1c-44ad-b007-129abae5e446,43.68,44.0,128,96,,False
1781344959589,a98b0cd2-898f-49ce-b7b9-82106c28398c,56.3,57.0,128,96,,False
1781344963109,7a65ca4d-f08c-49c7-b208-98e9e5cefaf9,52.91,53.0,128,96,,False
1781344967289,3a4ab414-af57-49bd-ad76-e496c0c322ed,31.97,32.0,128,96,,False
1781344970529,b6f860e4-b150-48f9-aa6e-131818caafb5,33.16,34.0,128,96,,False
1781344974769,0a20e801-48a5-4e6b-bf0a-adf2d9a33c0c,46.38,47.0,128,96,,False
1781344978229,92847337-da74-4993-9f73-1e3565f420d9,45.48,46.0,128,96,,False
1781344982450,79a7a256-849d-4783-bfa4-876e9349de6e,38.4,39.0,128,96,,False
1781344986610,39513dce-d9c8-42fa-ba2d-5cd99beb4b29,44.34,45.0,128,96,,False
1781344990189,3876afe7-d677-4b0d-ae6b-a7cca5e79b27,46.83,47.0,128,96,,False
1781344994409,9c28217c-c18c-4336-8805-89400a079e81,37.53,38.0,128,96,,False
1781344998729,3bdfb784-2f47-44ab-8715-2eebd252b6be,52.74,53.0,128,96,,False
1781345002129,306773fb-0e06-4cf8-a0d8-86cfd2888ac2,46.56,47.0,128,96,,False
1781345006469,766de3e4-f88d-466b-9d7c-e89f941d5e9e,61.15,62.0,128,96,,False
1781345010830,bfce413e-9513-4b67-a2a4-0b39c164d33b,78.77,79.0,128,96,,False
1781345014829,13a7f64b-192c-4754-a2a6-408723bd41e2,54.07,55.0,128,96,,False
1781345019109,7959a4ee-d74d-4361-b80b-f3b18b37ecc3,30.5,31.0,128,96,,False
1781345023369,1e2f3387-0de4-4337-a42f-108ff7843929,50.86,51.0,128,96,,False
1781345026949,0d962691-851f-4fe7-98df-559c9ae0214b,61.13,62.0,128,96,,False
1781345031229,cddd82ea-24cc-4825-8dee-cd5762c6d2e9,54.0,54.0,128,96,,False
1781345035409,56ab52ff-c2d4-4cc7-86ae-43f8fa09f834,31.65,32.0,128,96,,False
1781345038869,7204aecb-7c1e-4188-ab15-a426c398984f,45.57,46.0,128,96,,False
1781345043169,edaf53e9-7b29-4edd-828f-1adcbe99cae8,57.79,58.0,128,96,,False
1781345046409,66d10a4b-e74f-412f-9357-42791a2d48bb,41.71,42.0,128,96,,False
1781345049989,b7f59d61-0e1d-4f7e-aa55-23be0fbc7d60,55.1,56.0,128,96,,False
1781345053129,10a3069b-2c95-43ff-8d8b-24ec6e6c3da3,49.7,50.0,128,96,,False
1781345056469,ee5de99e-38e4-4dee-81bf-abac4a369154,36.42,37.0,128,96,,False
1781345060069,4c17ab72-9778-44ce-8ddf-d3d5f1f65bb5,52.66,53.0,128,96,,False
1781345063329,8e783527-da82-4684-b5ac-55e2771b16b7,57.67,58.0,128,96,,False
1781345065889,94555b86-a2b6-45b3-b924-31370bfb91e4,45.68,46.0,128,96,,False
1781345067729,19eaeb3e-b055-4a66-9edf-0e3c3b36f0ac,72.99,73.0,128,96,,False
1781345092690,06da458a-291c-4248-a888-19d0fe5d76fe,246.64,247.0,128,96,,False
1781345096789,f0b39882-46b8-49de-9821-de77732cf03f,65.19,66.0,128,96,,False
1781345100049,254590fd-86b0-4ea5-8869-47f68c52dab5,44.11,45.0,128,96,,False
1781345104309,3721b3b5-6cf5-4119-98fd-08568b60cefb,53.43,54.0,128,96,,False
1781345108589,5e9cc700-6667-4633-be7c-bceddc77c3c4,51.34,52.0,128,96,,False
1781345112729,03c4c8e0-f2b1-48e3-8255-28fdd33d9280,58.29,59.0,128,96,,False
1781345116389,f2ca1bad-64b0-4e3b-ab1b-c75ebf5d04a9,67.36,68.0,128,96,,False
1781345120409,d78a59d7-0ce5-4039-8f20-7e9c4fae70e1,53.94,54.0,128,96,,False
1781345123929,9bc04ddc-e968-4009-87c6-a494a5c69b2f,48.81,49.0,128,96,,False
1781345128390,be7f28ae-8f52-4efc-be8e-01a32010d44d,62.73,63.0,128,96,,False
1781345131689,05bb5a15-bc74-4aa0-8b66-48cf5b9fb73d,45.57,46.0,128,96,,False
1781345135909,bbb2973d-fafb-4509-96d5-327ddd782e8c,56.04,57.0,128,96,,False
1781345140029,083387ae-3d3a-4513-9929-b8a34e2cb657,57.9,58.0,128,96,,False
1781345143489,088cc4c8-036b-40bc-804c-ddeb9b963790,55.09,56.0,128,96,,False
1781345147929,3c4cf41f-eaba-4128-8b21-39d1090588d5,29.29,30.0,128,96,,False
1781345151309,bc16cb47-a35d-416d-87ce-1341f3e2d869,52.89,53.0,128,96,,False
1781345155549,714adb02-76d2-47d9-a327-aa3af78a70c7,55.77,56.0,128,96,,False
1781345159049,a90e9428-e5d5-4dcf-b611-3d358eeafab5,57.25,58.0,128,96,,False
1781345162949,96bc8997-55f3-4ecb-ae79-7c113e9e9e7d,59.32,60.0,128,96,,False
1781345167469,29596961-7ceb-4b4f-8273-685ded326571,48.09,49.0,128,96,,False
1781345171469,8af438c5-31c0-4be6-a970-0aaf0d4b75b4,55.71,56.0,128,96,,False
1781345175069,37a5e682-fb87-4c21-9496-7223b5663cab,46.18,47.0,128,96,,False
1781345179269,8adb7cf6-a107-4d20-9ce8-2b5c7de380d0,50.62,51.0,128,96,,False
1781345182869,566cd4e9-adc4-4816-897f-3a8ed0a456d6,39.9,40.0,128,96,,False
1781345186869,23b6a62b-64fe-4237-a704-c8f7661e354e,28.66,29.0,128,96,,False
1781345191129,c442a809-6996-4cd8-8ce0-3ce84f4e6738,71.86,72.0,128,96,,False
1781345195489,91ecd385-9141-4f40-b472-1bd3001377f2,43.49,44.0,128,96,,False
1781345199509,8af3b473-12da-4763-a96b-f390e206c680,48.36,49.0,128,96,,False
1781345203029,947c0b48-c5ca-407f-921e-35822a1a45c2,57.34,58.0,128,96,,False
1781345207529,0887dff1-935b-4fba-838a-fdb11bde4408,47.62,48.0,128,96,,False
1781345210829,8842e623-bc79-4d11-a3a8-aeb97a263d38,59.09,60.0,128,96,,False
1781345214249,7599d9c9-6928-4d92-8620-c1d5518bbfb5,55.61,56.0,128,96,,False
1781345217609,8426e3da-58fd-4fd7-bfa6-c7d1d2abac55,54.77,55.0,128,96,,False
1781345221029,72d86a7f-1d09-49e9-93bc-c628f8762af8,42.2,43.0,128,96,,False
1781345224449,74b5f6af-a54f-4ab1-9b45-261bf2e5c383,39.56,40.0,128,96,,False
1781345228489,0faefc71-6c22-436b-b6a6-32574661e916,67.07,68.0,128,96,,False
1781345232009,4efbfb66-9ebb-4eee-8fa7-f1f217b09362,53.44,54.0,128,96,,False
1781345232949,37106e46-7002-4439-8062-fdb7976a5961,58.84,59.0,128,96,,False
1781345234709,1e868f02-cc55-4d9e-89da-cebded8601be,61.09,62.0,128,96,,False
1781361601668,abe3877d-0805-41c7-aaf6-4c0c9400ca0a,340.99,918.0,128,96,576.45,True
1781361602607,c2d7617b-e681-47e6-89bf-6d09675883f7,61.82,62.0,128,96,,False
1781361604187,95f49f47-b762-4cca-883e-53efefabe840,52.87,53.0,128,96,,False
1781361606967,5f62dac1-c719-49bf-b4b2-aa74510a6159,54.94,55.0,128,96,,False
1781361609188,9e0b3dda-19ba-4b55-a816-bbe58f55ce15,52.8,53.0,128,96,,False
1781361609267,31663217-7b20-40cf-af4d-02171536c250,73.02,74.0,128,96,,False
1781361610141,315416ca-8cf3-419a-b0e6-975d421de55a,325.4,864.0,128,96,538.02,True
1781361632521,34df94ab-d127-4dae-b6b4-7a538a9df836,241.56,242.0,128,96,,False
1781361652281,d5f41501-8b69-4943-8531-4b75ebeb755a,228.34,229.0,128,96,,False
1781361693322,11965ec5-13a1-46ba-a5f5-a22824fa09ab,260.93,261.0,128,96,,False
1781361712862,783f5d94-54ed-42c0-8e15-ee18b2df80bf,237.0,238.0,128,96,,False
1781364779494,ac02bc26-4aaa-4a2c-9a42-f2cd8af334cd,323.7,861.0,128,96,536.66,True
1781364779581,c07c4ccc-01bd-4bcf-97f2-8584bcba7160,351.16,928.0,128,96,576.75,True
1781364779588,8de3e582-8f34-429e-bcbd-a9afa0e80826,331.54,909.0,128,96,576.66,True
1781364797767,434ae50c-76d9-4a89-8457-3807a6bb27d5,300.59,301.0,128,96,,False
1781365417627,9cf7c49d-035e-4be2-8a41-58d07b3438a0,365.42,366.0,128,96,,False
1781365674271,4f99aa61-d27b-4b03-8e8c-302b76f2ad3a,325.4,868.0,128,96,541.65,True
1781365674279,1cde76b4-af6a-4457-a15f-1f274db1f5eb,331.3,866.0,128,96,533.99,True
1781365724219,398afc31-b58c-4b4e-a591-aede2bba2d52,255.84,256.0,128,96,,False
1781365725099,e0763daa-4f46-490b-af42-f8d1226e85f9,52.67,53.0,128,96,,False
1781365726619,95d0056e-6894-4e78-89da-78e0a094f174,46.07,47.0,128,96,,False
1781365728399,ed0c780f-a525-44f4-b1d5-82e3176485ac,60.6,61.0,128,96,,False
1781365730979,21c2b540-c4fe-4d5b-ba72-83fab9660f08,51.01,52.0,128,96,,False
1781365731059,629d0b2f-e27b-4922-9334-6859fbf61bf6,47.0,48.0,128,96,,False
1781365731191,9a12f510-9f9d-4273-9ea8-bc034d81fc7e,244.87,245.0,128,96,,False
1781365756950,bbf47a1e-87a6-4219-b710-fe1f1f1b8180,269.82,270.0,128,96,,False
1781366377532,e24a971f-7ac6-46ac-8100-f4cf85d4cfae,387.8,388.0,128,96,,False
1781366866204,a08cf369-71bd-49d2-a2dd-5a04aa944e8c,283.9,755.0,128,96,470.5,True
1781366921144,76ecd846-682c-43ea-a942-7f04ae689e50,262.57,263.0,128,96,,False
1781366921924,bc816180-0aaf-4228-9e79-67891d63b8bb,60.68,61.0,128,96,,False
1781373414411,5e5a9d04-7d07-464d-9ba4-e24f44d1b663,327.22,856.0,128,96,528.39,True
1781373415171,bc5414a5-0b25-4c71-b4cd-63a552919e9c,43.31,44.0,128,96,,False
1781373415971,411d1041-9383-452b-a34e-007664e8d987,54.92,55.0,128,96,,False
1781373418571,94199817-dd96-4fd1-ae54-24cd7084fb15,38.81,39.0,128,96,,False
1781373421210,31280c0a-09d6-4b5d-856c-f4d6e9458d93,44.59,45.0,128,96,,False
1781373421291,504845d1-c355-40c4-8624-e61c2274ed7c,74.95,75.0,128,96,,False
1781373421371,0cc01ab9-ff25-42e0-8860-0dd87fc883e2,75.03,76.0,128,96,,False
1781374692848,ae37fc74-6c19-43cf-882b-b11836263f11,320.85,897.0,128,96,575.63,True
1781374692928,cb0af951-7fc6-496c-83f3-712ec873233f,71.87,72.0,128,96,,False
1781374692992,8883fc77-9939-42ff-a497-25286518bf1a,324.49,868.0,128,92,543.49,True
1781376494600,6c8c3873-9eaf-4bb3-a08e-9f223311c222,325.4,901.0,128,95,574.77,True
1781376495380,2b980490-fc87-49d1-bad9-6b337edf7c7a,60.75,61.0,128,95,,False
1781376496880,67b188d1-ced6-4014-8ef8-518a90e297b6,36.85,37.0,128,95,,False
1781376499460,9675429c-620d-469c-b85d-1d305c9bb701,42.2,43.0,128,95,,False
1781376506980,134ae2ed-a2fb-4560-9d4b-f92d78f01748,264.3,265.0,128,95,,False
1781376507040,20381357-5505-4e8d-bafd-e828c3ddd695,54.13,55.0,128,95,,False
1781376507780,116607b7-680c-417b-882a-741a630d7a91,332.63,844.0,128,96,511.02,True
1781377168540,5bba4dd3-0c96-4c3f-a5d7-7964f027fc9d,329.08,1148.0,128,96,818.9,True
1781377606492,419d486c-b089-435d-ad84-ce9111a96e9d,327.18,864.0,128,96,536.09,True
1781377606525,2e32f41d-2032-433d-ae62-acca786c861c,396.93,858.0,128,96,460.62,True
1781377607407,f19c480e-55cf-4530-91bb-ebe9ca68098d,343.09,940.0,128,96,595.98,True
1781377841268,adb50160-d9d0-47b0-87e3-a59d0fdfe806,317.96,318.0,128,96,,False
1781377870989,7262537a-7884-41c9-8953-92d9960f51a8,257.67,258.0,128,96,,False
1781377911948,b0a275f1-9533-4d70-9458-d1dc6d58fbd3,249.38,250.0,128,96,,False
1781377928425,76cb685f-f447-475f-84c1-a80430a5f0e4,367.5,368.0,128,96,,False
1781379760655,72ba772b-823b-4189-af0b-39efafcac251,341.33,912.0,128,96,570.06,True
1781379761447,cb01d605-606f-481c-89e0-3c35d5b0cf27,335.84,871.0,128,96,534.41,True
1781379770867,33ad1fac-3ef9-4ad2-b062-31f9e62aa2b5,222.95,223.0,128,96,,False
1781379781187,257b9908-e915-4b42-a4d1-705c1b17ded4,254.5,255.0,128,96,,False
1781379781827,4c1d0ae9-756f-448d-83d5-bebfda725677,40.03,41.0,128,96,,False
1781379782076,500f6f66-cc3b-4e37-a3d5-e9a85de19a28,246.34,247.0,128,96,,False
1781383296711,9a9baf95-6b9e-4927-a502-fc29e9bcbe77,350.57,976.0,128,96,624.78,True
1781383331671,74b6cfc7-bbc9-430f-9653-ecf56d0959ed,261.7,262.0,128,96,,False
1781383397311,6b91a905-66db-4c36-9cc8-9dc6492da1fa,248.21,249.0,128,96,,False
1781383460571,f31a9efe-0c67-4317-8629-c759fd922d57,244.05,245.0,128,96,,False
1781383526271,d964b3b7-9eb6-411e-be69-d0158187447f,254.85,255.0,128,96,,False
1781383589534,4de2aac4-c292-45c3-b028-1734b5605be5,227.94,228.0,128,96,,False
1781383655192,2986f768-204a-4098-86f5-9f9de0f3945f,241.88,242.0,128,96,,False
1781383718252,2286c541-a1bf-4b08-906c-03f08d233318,276.72,277.0,128,96,,False
1781383783932,976de4db-bd29-4473-aed1-414bc22ed70f,277.61,278.0,128,96,,False
1781383847953,be3c5e23-3f01-4f81-afd2-1a8c3141ecda,270.86,271.0,128,96,,False
1781383912852,4f496e63-3295-4ae5-9ee9-1309c1f6c4bd,246.81,247.0,128,96,,False
1781383976793,f9b2d46f-f675-49c5-aebd-454a06124079,292.73,293.0,128,96,,False
1781384041633,499ddfbe-15cc-4562-bdca-48aa10202ac4,250.15,251.0,128,96,,False
1781384105673,83aed76d-9d34-4dea-9ec4-733a18609628,274.87,275.0,128,96,,False
1781384171453,20200eaa-c106-47dd-ab66-247ef0bbca9d,262.34,263.0,128,96,,False
1781384236233,ef4bcdb6-af69-4250-9e52-3e0dbe1cbfe3,332.83,333.0,128,96,,False
1781384301173,5e25414d-df75-40d6-9b44-e31d1ac3d36e,261.1,262.0,128,96,,False
1781384364114,1a2576a6-6a8d-41cb-b0cb-8df0b5a87aa7,266.09,267.0,128,96,,False
1781384430014,f82b7507-e47b-40c6-9ec9-0035b076a8af,241.63,242.0,128,96,,False
1781384492373,e58cd05a-ca68-4980-93f6-d2e89aaa9baf,240.33,241.0,128,96,,False
1781384558855,8e58065e-b7f3-48db-8d6f-b6e6926cff5f,251.49,252.0,128,96,,False
1781385408824,d5ee8993-2d24-485a-bca8-2f634f4f2c2d,355.05,896.0,128,96,540.04,True
1781385409503,24674078-44b4-4ba0-8115-c28d9aba87fd,46.61,47.0,128,96,,False
1781385409537,e1e00b32-8efe-43d0-94dc-b8b477a1d6e6,328.44,855.0,128,95,526.15,True
1781385410317,4466e01f-7f72-41bc-a7bc-ee116079d610,59.33,60.0,128,95,,False
1781385415397,b75dfa48-2bc5-42a8-ae51-b3026a1c9244,49.59,50.0,128,95,,False
1781385419696,5cb518bb-b906-448c-a220-9aa1e7fae2d3,46.72,47.0,128,95,,False
1781385423916,47e36116-8eff-4bdb-8571-1801327d5f3e,43.86,44.0,128,95,,False
1781385431705,93c81115-eb47-449e-a3a0-fc235bd068d7,227.62,228.0,128,96,,False
1781385431757,04d80e19-c945-44dc-9242-4f017b1f2595,280.6,281.0,128,95,,False
1781385432517,853db254-138d-402c-9248-9d086d337876,53.52,54.0,128,95,,False
1781385844184,8404048f-76bb-45ff-bfee-663480eaddf4,321.6,322.0,128,96,,False
1781385850844,befc56ad-ef5d-41a2-b78d-130a9a46c1f9,185.59,186.0,128,96,,False
1781385859524,3f185d14-70da-4011-8859-6c42ca474989,217.08,218.0,128,96,,False
1781385860224,0eb4efef-e330-4fa8-932e-046716ea00be,33.33,34.0,128,96,,False
1781385860295,4485489e-52ea-4395-87ff-90e0c348f1d6,305.65,828.0,128,96,522.33,True
1781385879894,e29f97dd-4584-4964-a3c9-60b2171b86aa,231.62,232.0,128,96,,False
1781385879924,4974ad3b-c7ab-49e3-91cb-c3e0c1d6a44a,206.95,207.0,128,96,,False
1781386431184,bd133607-f010-4704-8b61-f5a51d589828,424.11,425.0,128,96,,False
1781387050988,aa4d997b-1e0f-408c-b45f-3b4acff8cbad,350.87,907.0,128,96,555.15,True
1781387679221,6d64e89e-2c84-4cc1-9bce-acb584030b08,330.72,873.0,128,96,541.55,True
1781388141426,ea5db423-7e66-4eca-9d54-47ba54e762f2,326.14,909.0,128,92,582.16,True
1781388222399,fb6f506d-661e-4f40-ac62-1b69e5434302,301.36,854.0,128,93,551.96,True
1781388312079,ee20f130-d0bf-47c3-8018-6a09aabec663,280.56,281.0,128,93,,False
1781388397140,da7ba621-ec61-40c1-94e0-92194c7daad7,253.95,254.0,128,93,,False
1781388435580,3ecfa856-c84b-4fc9-88f1-f83b06ea0972,227.67,228.0,128,93,,False
1781388484199,70d394ca-cac6-4a1e-8f98-b797e3c9eceb,237.31,238.0,128,93,,False
1781388568720,7f764bff-e0d4-4a69-abbf-2e23a1e7e8f4,256.99,257.0,128,93,,False
1781388654800,1c280a39-116f-4ce2-a9c8-2f3bcad26404,267.83,268.0,128,93,,False
1781388742002,fab90681-771b-4e73-bb9f-601f5dc476ae,265.31,266.0,128,93,,False
1781388827981,303f83b3-f8f1-4742-9824-f6a585e11b93,276.63,277.0,128,93,,False
1781388916603,81702149-07cf-4b27-8ae2-6f6795c732e4,236.13,237.0,128,93,,False
1781389010761,9ae79655-5402-44d8-8e07-19ae60aed878,418.71,419.0,128,93,,False
1781389096582,524cf6e4-e570-4362-8e83-61bae657e99a,269.76,270.0,128,93,,False
1781389183762,e3c0a2e5-2130-4e64-b915-a8d154a2f4c4,272.08,273.0,128,93,,False
1781389274843,60b3ed0d-3398-460f-8909-23a2b763f1ff,233.27,234.0,128,93,,False
1781389367044,6a7bddf5-a8ec-4f37-8f6c-f6fb295fe626,245.03,246.0,128,93,,False
1781389457423,4f6f1b75-4e4f-4d76-b735-275db97f2a92,241.59,242.0,128,93,,False
1781389546403,aa8f5854-1924-4523-a415-2f7b5cda0853,252.64,253.0,128,93,,False
1781389645224,4795c299-8b12-4060-9a35-5c057b802e95,251.41,252.0,128,93,,False
1781389739064,c8bab867-f418-4b8b-8706-529024185202,267.59,268.0,128,93,,False
1781389831405,d10ed770-9ffe-47fa-8b34-0f746c0c772a,259.05,260.0,128,93,,False
1781389919947,ed11200e-c3c6-4d78-919b-ed0010ed3623,285.07,286.0,128,93,,False
1781390136785,fcca05ce-4de3-4f2d-8b6d-f564b46bb48d,307.22,308.0,128,93,,False
1781390137365,71f19235-5b9a-4c6a-8848-f8aca61bbc8b,42.01,43.0,128,93,,False
1781390185265,bcd1a0b6-b5b3-414a-af84-64a9038c55cb,260.08,261.0,128,93,,False
1781390219526,e01ebc90-b78f-4682-aaad-7f512369c01a,259.55,260.0,128,93,,False
1781390283426,e863e9c7-022c-446f-9a64-7f6866bf5c1e,266.02,267.0,128,93,,False
1781390340506,fa63bcda-44a1-4347-81ef-bbb0ddf11a2e,255.31,256.0,128,93,,False
1781390401006,09aacc04-cf10-4b29-ae28-cf2eb8ba8a6c,247.23,248.0,128,93,,False
1781390456466,92e5a435-9e97-4287-a19d-25fcd0dcf9e7,252.67,253.0,128,93,,False
1781390514466,dcdbd6fa-7185-4578-89c9-1a5e1450b4b6,258.3,259.0,128,93,,False
1781390572671,7e9c68f0-596b-49c9-8ea4-270d9de6f7dc,263.89,264.0,128,93,,False
1781390628247,cb0f2d47-2c5f-46aa-965e-bed20225330c,222.95,223.0,128,93,,False
1781390685227,211d3af5-7007-4650-a217-f5b170e330fd,239.15,240.0,128,93,,False
1781390741667,c59b9692-c58e-410b-9e88-ec5f73b06fbd,243.8,244.0,128,93,,False
1781390797848,9d6d7170-b944-41ff-8d8a-f0ae45439fd1,220.93,221.0,128,93,,False
1781390854928,ce7eb4f4-914b-4d18-b3bf-e06a27dddb03,245.78,246.0,128,93,,False
1781390912168,9c879451-7cad-4260-80c3-1ca4685467aa,240.16,241.0,128,93,,False
1781390967668,c441e2f9-e5ae-4ab9-b76d-f416a6f5927c,254.31,255.0,128,93,,False
1781391024089,ca5fa21c-d61c-40ab-a0b6-3162eb7cf4e1,247.14,248.0,128,93,,False
1781391081109,6da3b8c1-7065-4d01-95d1-02c62f865335,237.76,238.0,128,93,,False
1781391134789,486269e0-137b-4cb9-9bb6-2ab979188f1a,250.37,251.0,128,93,,False
1781391196049,877ddaf3-bc52-4783-83d7-e07d1a0f9bfd,272.3,273.0,128,93,,False
1781391249890,edd8b97f-4ba4-403a-aa24-ea30c8d0b102,242.1,243.0,128,93,,False
1781391307089,fe9d31bd-0d88-437e-acb8-9147806b97ba,255.65,256.0,128,93,,False
1781391325849,06e5665d-d1a6-4240-af60-10f8830c5849,222.02,223.0,128,93,,False
1781391325910,7f43175a-f544-4e09-8ac1-5edee550347c,54.22,55.0,128,93,,False
1781391386490,189dabae-ddbf-4ce3-af43-056f2fb941ee,269.02,270.0,128,93,,False
1781391411170,88b9fb2f-0147-4064-82ce-d0522465fc5c,248.94,249.0,128,93,,False
1781391479311,1fd8d290-c49c-41e0-a137-db8652fb1614,226.78,227.0,128,93,,False
1781391548691,c3629f33-3035-4968-8c86-00b5e37a620b,258.63,259.0,128,93,,False
1781391620331,130981ef-e9eb-4994-a228-2df254b787e0,236.15,237.0,128,93,,False
1781421870193,d6ebf4f8-cccc-469b-ad49-b2aec9b46383,324.16,824.0,128,96,499.62,True
1781421935033,9123b0a8-bcf5-480f-ba25-ae27557b7a9f,243.9,244.0,128,96,,False
1781422003992,efee10f2-c1cc-4049-8b20-b6a38fb558b5,319.27,320.0,128,96,,False
1781422072092,22f7e378-2185-47f9-8a82-d358e4744389,243.09,244.0,128,96,,False
1781422140371,5b35fd70-20ae-4eb4-9ed0-2c4c698c6457,224.75,225.0,128,96,,False
1781422209150,9db20d2d-7010-40cc-8efd-3d664a977139,229.04,230.0,128,96,,False
1781422277250,3aac1160-ec40-4269-8dc5-43f258a579e6,223.04,224.0,128,96,,False
1781422345510,9f134826-52a1-4032-b5e5-9cf8e2bb4b7f,270.74,271.0,128,96,,False
1781422414749,1c9478b0-95fd-43a2-a3f5-d86ee9cad156,247.53,248.0,128,96,,False
1781422482769,1f0e9795-2dfe-4924-9426-4c1fd1bab2a1,247.9,248.0,128,96,,False
1781422551669,bbea7430-3acf-4173-904a-446f2f57050b,276.95,277.0,128,96,,False
1781422621348,079b4674-c323-4267-a47a-47228613462f,247.73,248.0,128,96,,False
1781422689608,62d9aa3a-f859-4816-a8d7-c26339992bf0,228.47,229.0,128,96,,False
1781422757746,c097306f-e840-4678-b93a-ca23e06100ed,218.47,219.0,128,96,,False
1781462919443,793867c8-75ab-4b6d-85c5-8a71dadc740a,322.24,867.0,128,95,544.68,True
1781462957203,0ddf65f2-c4da-4086-8cc8-9dfa009a96fa,249.42,250.0,128,95,,False
1781463007623,56ffabf0-82c8-4e63-a1d7-1a51a1d7be0b,277.99,278.0,128,95,,False
1781463052103,932003a4-a9fd-4116-b383-bb0693ca286c,256.95,257.0,128,95,,False
1781463621176,06baad4c-1562-4b47-86af-91ed52a7514c,343.18,958.0,128,96,614.17,True
1781463631396,b3e35dca-6e6b-4129-8ef3-9dcc1e3e2a50,259.15,260.0,128,96,,False
1781463707656,bbcecb5b-b56a-436d-a13b-9757462576e3,291.99,292.0,128,96,,False
1781463776896,8e13aa19-d581-4ec6-bfc5-ac9d427c310b,249.0,249.0,128,96,,False
1781478090993,2d58dd63-a1e8-4eea-9a32-92729d35896a,338.08,844.0,128,96,505.4,True
1781478091192,c75b50e0-ffc9-44c2-8772-87b0f63d1e44,57.81,58.0,128,96,,False
1781478092513,ad1ee83a-6217-43a7-871d-08dc7dbcf2c8,49.76,50.0,128,96,,False
1781478093372,e5cffda0-3fdb-4adb-9932-88e3b93d765c,50.46,51.0,128,96,,False
1781478094312,3f79453c-a424-4d12-8c0a-c3b141b00be2,35.53,36.0,128,96,,False
1781478095232,b54f0307-e750-497c-9536-b583cdcff208,30.17,31.0,128,96,,False
1781478095952,8ee49b95-e13e-4a8a-986f-90efa1022cf1,48.55,49.0,128,96,,False
1781478096792,fccd73d4-4047-47b4-a247-53e793b6006c,58.38,59.0,128,96,,False
1781478097532,b82e898d-41cc-4955-8c49-3b09b8d73687,31.37,32.0,128,96,,False
1781478098632,9b3a069f-3a43-4783-8abd-aaed7fda9556,60.26,61.0,128,96,,False
1781478099433,8d96d9c4-476a-4c38-ac37-d088a75d889d,44.46,45.0,128,96,,False
1781478100152,5a92030f-72e8-44b8-ab09-ca80bbc92382,60.2,61.0,128,96,,False
1781478100212,9d4ee5b7-52fb-47cd-b61d-6c6e7185f7f9,45.76,46.0,128,96,,False
1781478101099,2cf77279-6f30-4851-9fb9-23426f236e21,334.97,885.0,128,96,549.87,True
1781478318593,8072289b-638a-4bc6-a007-308f0cfc64a1,301.85,302.0,128,96,,False
1781478318600,3dfe2c4b-c18f-4303-8ec6-05ef91ca9274,312.23,313.0,128,96,,False
1781478323380,2778a6fa-4961-4e5f-a681-943dd4034b2d,32.99,33.0,128,96,,False
1781478360900,d153199e-22c8-4757-aa5c-76ab6c468430,255.43,256.0,128,96,,False
1781478426460,99a3abd1-6559-4265-807f-f398bd90b309,258.17,259.0,128,96,,False
1781478490341,467ac513-beed-4f86-80ad-30741fcbd7a9,245.24,246.0,128,96,,False
1781478555281,77d314b4-0cfb-419e-9be1-47eca008ef7b,247.44,248.0,128,96,,False
1781478618121,1be044c2-d8da-42b7-92a6-f0f903305555,270.68,271.0,128,96,,False
1781478683654,61ff8cf7-ff9d-4352-8b73-8dd9ecc891b1,344.92,345.0,128,96,,False
1781478746934,9028af27-8c5c-440a-80ab-07574d99742e,274.99,275.0,128,96,,False
1781479642602,995fab18-9ca6-468d-94cc-f8e441025ff2,327.83,857.0,128,93,528.89,True
1781479706502,2a85457f-df8d-454e-b837-16c9802bc4e3,273.98,274.0,128,93,,False
1781479773162,76b0a108-35ef-4ebf-a670-c806b582073e,249.46,250.0,128,93,,False
1781479835222,2c5237f8-6191-440b-8ff7-3c87f5365cb0,246.73,247.0,128,93,,False
1781479901562,5491ed79-519a-4697-9378-ef263f3a496d,250.16,251.0,128,93,,False
1781479964003,cfadf113-cfbc-4db8-8779-7c406f35b8d1,253.32,254.0,128,93,,False
1781480029722,04f49543-83e6-4979-a166-9d392cd06021,262.71,263.0,128,93,,False
1781480092822,3a1bb5fc-9bfa-4cef-a4c6-4b62d59dd350,279.64,280.0,128,93,,False
1781480158042,05c7d17c-495e-46e9-bf8b-2eb1880b2c71,239.0,239.0,128,93,,False
1781480221223,7d8354ca-6452-45c5-bb3a-f9b46d617698,243.09,244.0,128,93,,False
1781480286843,3f9000cb-52a1-4f91-9b5e-dd40e58ec83c,286.86,287.0,128,93,,False
1781480349343,26b6925d-eb54-47cb-bb70-3900834563b3,261.05,262.0,128,93,,False
1781480415063,12593391-203a-402f-8f2e-651a1d31427d,237.21,238.0,128,93,,False
1781480443963,56bbd4c9-cef6-4ae3-a845-d565d51f8704,249.1,250.0,128,93,,False
1781480444870,f16452a0-e69e-49e2-b785-97720cb0e890,339.26,927.0,128,94,587.07,True
1781480449869,529493f0-ee44-46fb-b0e8-bf6b63c4d9fc,56.1,57.0,128,94,,False
1781480487630,a3c57554-e0fe-4091-be0e-46551fc23cbf,241.68,242.0,128,94,,False
1781480554250,e2dc5aea-cc1f-425f-871e-494e38d63fd4,272.06,273.0,128,94,,False
1781480617592,263b1bbe-f462-4b11-8c9a-5d180966e710,257.54,258.0,128,94,,False
1781480683173,794a3d64-3294-4dd5-a0a7-642729ab3b0b,234.47,235.0,128,94,,False
1781480746452,051378b6-86a6-4551-8584-4fa0a8643e5a,283.96,284.0,128,95,,False
1781480812453,be956cf4-008d-40b9-b72c-e1ecaed26dae,271.17,272.0,128,95,,False
1781480875053,4f6e6675-4fdd-4468-9015-532e3d921bf2,255.03,256.0,128,95,,False
1781480941434,443cd35f-fc17-48d0-8528-b87829f1acba,242.64,243.0,128,95,,False
1781481004754,9162ef73-1547-4318-8f2a-9cba68f8a0e8,267.7,268.0,128,95,,False
1781481070054,bc50ce88-b816-4670-a453-07994bc8d229,265.07,266.0,128,95,,False
1781481135075,f9af5bde-a52a-4dcd-b8c9-5e61be3467da,252.5,253.0,128,95,,False
1781481200836,1c1f79c8-a282-472c-9c54-49c1d5d15595,275.33,276.0,128,95,,False
1781481263557,98c213d8-8b22-48d4-8175-329509fe8b1f,242.17,243.0,128,95,,False
1781481330078,8b9692b1-115b-44e4-ac00-2a57e4b1f5e8,259.12,260.0,128,95,,False
1781481393137,9a33a261-8f72-434c-9099-d2fb745f7fa2,244.28,245.0,128,95,,False
1781481459499,d447e789-efe2-4f4d-8396-b04158d5837f,238.26,239.0,128,95,,False
1781481522498,0c55613f-fbdb-4472-81ca-021f87514f68,241.96,242.0,128,95,,False
1781481589000,d7d86be1-489d-4d0b-8b63-99f6a18a9234,290.77,291.0,128,95,,False
1781481652759,bbfef8e6-2a73-4026-957e-d327ad4bafff,256.52,257.0,128,95,,False
1781481718620,57842433-7e8a-46cc-8bca-cde7169d7c83,244.82,245.0,128,95,,False
1781481745800,b77d9416-8226-4b59-9e9d-4db3fd2b74e6,247.34,248.0,128,95,,False
1781481746161,36e63a3e-40fc-4b4f-a2e4-947e014412b8,60.75,61.0,128,95,,False
1781481751540,500e50fd-8ac4-4036-93a7-8217f676bb9e,28.66,29.0,128,95,,False
1781481782141,e2b716e1-9dbf-4d35-8a0c-633a2fbc24b4,249.31,250.0,128,95,,False
1781481837500,5dd503df-c05a-434e-827d-622f253edd9c,229.28,230.0,128,95,,False
1781481893781,512c1be4-a065-4463-9bf5-e1ff62bf7a65,244.98,245.0,128,95,,False
1781481949983,e4f8b937-f2a2-4ade-80d8-5ab44de87beb,225.66,226.0,128,95,,False
1781482005922,27e19572-a02d-49b9-8ab7-3ea6d77c3b54,272.24,273.0,128,95,,False
1781482062602,a319a66c-0bc4-4a06-a605-866fcb389ea4,225.64,226.0,128,95,,False
1781482118463,75af833a-5279-4731-9806-382832465268,266.61,267.0,128,95,,False
1781482174163,869d0156-465b-47b8-b215-6e7dba1e6c52,257.02,258.0,128,95,,False
1781482230044,4e36ae81-e0b0-448e-b921-5c627b35dbc1,273.45,274.0,128,95,,False
1781482286404,9ee1f125-aaca-4dad-849e-9c07c3b2f85e,244.28,245.0,128,95,,False
1781482342525,144e3b5a-acc1-49a5-8f7c-8256d8fdff29,241.72,242.0,128,95,,False
1781482397825,24cc8fd8-918a-4050-973c-f9c7429556a7,264.89,265.0,128,95,,False
1781482454066,b2c44822-cc77-494f-92ee-772866270b17,255.31,256.0,128,95,,False
1781482510206,2d35953a-d9aa-4f3c-9fae-7b1e35c2465a,244.96,245.0,128,95,,False
1781482566447,5d6d10bc-0b95-4350-b333-2af3578c9394,245.92,246.0,128,95,,False
1781482621987,23b992e4-53aa-457e-891a-c05441d1ec6f,266.53,267.0,128,95,,False
1781482677908,bf5bdce6-26ba-4fea-8335-160de4ba68ee,250.49,251.0,128,95,,False
1781482734028,d71ba7b3-c5b2-4770-b89b-8d11d71a861e,251.76,252.0,128,95,,False
1781482789529,3654827d-10be-466f-95ef-36f1dccba5bb,244.2,245.0,128,95,,False
1781482845728,5bcbb85c-1563-447f-a706-d8be81948a8f,254.89,255.0,128,95,,False
1781483212657,0d53e358-13a3-48a6-8b4f-8e20803cee36,321.74,931.0,128,94,609.2,True
1781483214258,33d40c35-8dfd-4545-8f00-1da7762bb33f,58.07,59.0,128,94,,False
1781483217577,21f956ad-12d6-44d0-914a-ff869028a36b,51.43,52.0,128,94,,False
1781483220997,25189fde-dcdd-4c1a-9e35-e0c5b1e4215d,52.96,53.0,128,94,,False
1781483223437,6dac609b-c075-473c-ba09-c9d47e90e604,51.3,52.0,128,94,,False
1781483226917,2015ecc4-5e7c-4890-b581-5c529550b476,50.87,51.0,128,94,,False
1781483230337,447d87ef-3171-4aea-ba79-a651e0828e0e,53.6,54.0,128,94,,False
1781483232957,77a522c3-1794-4a31-84fb-9e473acf5716,41.72,42.0,128,94,,False
1781483236417,84e1fb52-7854-4680-9cd4-e28cec29b087,51.35,52.0,128,94,,False
1781483239617,8db6e510-caf3-4bf0-91ef-49a0c487d1a1,50.68,51.0,128,94,,False
1781483242298,17ad0443-080e-4fe7-8e52-71791b9d9d76,42.41,43.0,128,94,,False
1781483245757,d1a0f46c-da07-4355-aef7-ffe5f5537f91,56.45,57.0,128,94,,False
1781483248957,0355bb0e-a6a9-495a-91e3-261322f335ec,45.19,46.0,128,94,,False
1781483251738,d3cca867-832b-49ed-a359-1dbf105fb705,47.88,48.0,128,94,,False
1781483255137,fd290b7d-8469-44ac-80ac-945ffcd4eea3,41.81,42.0,128,94,,False
1781483258397,cfcc3b3b-f80d-4249-b178-0aa7bf7a04be,55.13,56.0,128,94,,False
1781483261077,3733dd96-c148-4c81-83c2-9da67e122280,51.99,52.0,128,94,,False
1781483264517,1f109111-a62c-4f94-8dff-a80506e51370,27.6,28.0,128,94,,False
1781483267897,51c2aad2-16ef-41b3-89fd-708a60bfd848,56.55,57.0,128,94,,False
1781483270297,ff7c25c0-ab5f-432b-9d1d-86de42cf5855,47.49,48.0,128,94,,False
1781483273718,bc6da846-c8ef-4f77-b5ca-9c0ffffd4d25,69.3,70.0,128,94,,False
1781483277198,a0eb6a18-9416-4590-9c22-d878f19911a4,42.4,43.0,128,94,,False
1781483279878,5e93fef1-5218-413f-a0e8-a5fe9c20bb97,49.4,50.0,128,94,,False
1781483283198,fc8ab961-0460-4d3e-aafc-c5e0fecf463f,58.73,59.0,128,94,,False
1781483286518,1f983f66-3d8b-4a6b-bd9b-2b3a085ea181,55.3,56.0,128,94,,False
1781483289258,51281801-5b22-4dd8-9bec-97d684e786d2,56.28,57.0,128,94,,False
1781483292418,b8e0f76d-7503-4e67-ae28-71d290ac98e1,44.06,45.0,128,94,,False
1781483295078,4f0b849c-ea2d-40e2-8566-258285612736,32.37,33.0,128,94,,False
1781483298438,229fb48f-defc-4fdb-8626-d3d59a7e2ac3,60.88,61.0,128,94,,False
1781483301079,92c2fca6-fac6-42ba-98cb-4dace5cdf6a1,79.45,80.0,128,94,,False
1781483303578,9f770b12-5104-455e-add1-8b04f9607732,54.97,55.0,128,94,,False
1781483306138,65071388-0269-46b8-b085-3ab443553b75,29.26,30.0,128,94,,False
1781483309498,6366f61c-ede9-4e8d-9147-3be0db60c103,43.95,44.0,128,94,,False
1781483311978,85000cda-d43f-46fc-8810-fa0d6d70c262,48.05,49.0,128,94,,False
1781483314578,c7abdf3a-b2f6-4278-9701-cc039570a7dc,53.8,54.0,128,94,,False
1781483317298,6d0374aa-39ee-41da-9554-dfff270d8a61,49.83,50.0,128,94,,False
1781483319859,f9075fd3-ab36-4766-b1ba-f2ca34b4923a,42.03,43.0,128,94,,False
1781483322399,ced05400-7d79-47cc-a0a2-33efc0239651,61.6,62.0,128,94,,False
1781483325678,bf5d2255-2690-4ace-a7b5-4540387e29d3,50.96,51.0,128,94,,False
1781483329138,c680bfab-fae2-4d98-b049-36947648733a,25.53,26.0,128,94,,False
1781483332498,77f7cd50-e385-427a-afdf-5bea06509f98,66.8,67.0,128,94,,False
1781483335041,d5c0b3d9-ce47-40ea-a5a6-5959165c51c9,58.51,59.0,128,94,,False
1781483339299,e22564a7-3b9e-41e6-b20c-b1e03017bbec,68.72,69.0,128,94,,False
1781483341859,e5f3e708-7e25-4447-be26-b3e0d5098c6d,54.94,55.0,128,94,,False
1781483345360,62b1f3eb-6f11-4afa-833e-59035b0cae41,61.41,62.0,128,94,,False
1781483348719,cd3d24e9-9cec-455c-95f6-ed6e2a5d2f46,55.28,56.0,128,94,,False
1781483352058,e954475a-0441-4eca-9aaf-46c190f5a94a,58.25,59.0,128,94,,False
1781483354879,8b59c920-5dc9-4f09-8c8e-f55198e1369b,59.95,60.0,128,94,,False
1781483358059,85145352-f9ac-4008-aeb7-17dcc7dc366a,34.75,35.0,128,94,,False
1781483358859,f9a8a7b0-5300-41bf-853a-ef98943083fe,47.19,48.0,128,94,,False
1781483359740,026f3777-a596-4ff2-ae32-7a2f8f38dad2,36.23,37.0,128,94,,False
1781506120073,512d3681-6eba-4dcc-9536-71afebfcc4b3,323.25,765.0,128,96,441.39,True
1781506121692,50e2416c-833f-42cc-95c5-47e2f38c5108,72.85,73.0,128,96,,False
1781506125032,9493e587-0763-4992-b539-6059fdd8de12,32.65,33.0,128,96,,False
1781506127552,d188c50b-6f32-43bd-894a-57256d84b6df,45.52,46.0,128,96,,False
1781506130233,e50de4b2-00ad-4cc4-ade8-54bbd5c0f0a8,52.85,53.0,128,96,,False
1781506132472,d81ed5db-d301-4b17-942a-08a47acf0bf9,45.36,46.0,128,96,,False
1781506135912,6dcca521-0b95-4d9b-a54b-438ccb66ae4d,44.19,45.0,128,96,,False
1781506138653,28bf38a3-0933-4593-a77f-dbd6aebc4a32,50.36,51.0,128,96,,False
1781506141332,7bfc5739-605c-4ffb-819c-eca6e73832c9,52.52,53.0,128,96,,False
1781506144032,71e7ff2a-c6af-427e-977d-c9313cbc1a77,61.04,62.0,128,96,,False
1781506147192,258cab2d-387d-411a-8733-d54e04f194f9,49.75,50.0,128,96,,False
1781506149512,24c7abe8-9a03-4794-9f17-32d38b15b6c0,61.71,62.0,128,96,,False
1781506152253,212364ec-5125-473d-9b52-5e6db21b3546,44.52,45.0,128,96,,False
1781506154852,3a1e49b3-44e8-4322-a450-e5fcdd9ac188,52.48,53.0,128,96,,False
1781506158271,67c8e294-cd4c-4e67-b9cf-ce0697795e1e,46.79,47.0,128,96,,False
1781506160671,57ebad85-cd4b-46b2-b2e6-7bb396501c12,71.0,72.0,128,96,,False
1781506164112,987fa5d7-05b8-4ea9-a32b-96e592b4b1b2,48.65,49.0,128,96,,False
1781506166772,d4ad8595-de38-4d9b-b5a6-86ecc73d1296,48.06,49.0,128,96,,False
1781506169293,273f7a87-de6d-4905-83d2-f4024cbeb4ca,51.59,52.0,128,96,,False
1781506172711,c27fad5e-4803-47ea-8012-734813543c0f,49.69,50.0,128,96,,False
1781506175271,304630ef-a612-4b86-90ab-6c44c243d039,67.24,68.0,128,96,,False
1781506178612,a4712d3e-b938-4419-8385-d75bfdba4ca5,42.87,43.0,128,96,,False
1781506182071,9e21faa1-17e2-47ac-9f1c-78530803fe26,91.36,92.0,128,96,,False
1781506184652,6e2c61de-aac7-448f-a557-46d7653e4f2e,60.2,61.0,128,96,,False
1781506188151,b49a8f41-0f20-4be7-bf6c-6ec2863d6606,41.58,42.0,128,96,,False
1781506191312,86ae1484-5247-4b7d-bdec-e26d6040038c,77.98,78.0,128,96,,False
1781506194771,cb7d45fa-d241-4a50-b2ca-bbe86cf4b773,48.54,49.0,128,96,,False
1781506197391,e9f98038-664c-4ac2-b307-427940d0b378,48.91,49.0,128,96,,False
1781506199991,10b8ae82-ea60-4158-baa3-e374b53c1ab9,52.4,53.0,128,96,,False
1781506202672,9a39d6fa-a39f-40a0-b0fb-7f29cf2db54f,76.92,77.0,128,96,,False
1781506205972,51a9117e-98d2-4ba3-99b7-9a7722f07060,57.33,58.0,128,96,,False
1781506208292,920d6478-da51-4199-b754-5378c1849bc0,54.94,55.0,128,96,,False
1781506211051,510c091c-6229-42ce-ab77-4247c251ad92,65.1,66.0,128,96,,False
1781506213652,c1a44dc7-f23b-4793-a8b8-2f66603a85bb,57.8,58.0,128,96,,False
1781506215972,dfe57365-f4c4-480c-9f47-a565310ffaa7,51.39,52.0,128,96,,False
1781506218591,ffa90ba3-9f35-43ba-ac65-a48053d11241,46.27,47.0,128,96,,False
1781506221351,1751dcc7-8b27-4515-8c45-09109984e3de,48.27,49.0,128,96,,False
1781506223791,bb4e2068-aa39-4ffb-8678-93ef69c12d07,76.29,77.0,128,96,,False
1781506226291,4f5250e2-73ec-4acd-9d19-95630f06a34e,55.69,56.0,128,96,,False
1781506229971,f77faa39-7060-4ed1-b0bc-ad9795ca839c,52.98,53.0,128,96,,False
1781506232271,04a4d9b4-5f2b-4396-933c-526e5163bc94,50.83,51.0,128,96,,False
1781506235631,fe9a830c-b0af-47e3-a2d1-c415cd9ba6d9,68.15,69.0,128,96,,False
1781506239151,5c0a5e18-6d0e-44e9-99d1-bee521689b20,50.15,51.0,128,96,,False
1781506242531,757ad2ee-783b-43d6-8ef8-5f7fb9916617,77.27,78.0,128,96,,False
1781506245991,20fcd5f0-82d0-4acd-be03-da35a02c7ddc,51.8,52.0,128,96,,False
1781506249311,abd3ff47-566f-4074-bee7-48b31642fdc3,51.24,52.0,128,96,,False
1781506252751,c70d0649-abd4-4f83-86ca-6930004d3790,56.19,57.0,128,96,,False
1781506255211,5be20e78-9f0f-4da1-9f39-f36acc600a23,49.86,50.0,128,96,,False
1781506258691,639eb1d4-c254-4bb1-9e34-6b5b704a3266,50.52,51.0,128,96,,False
1781506262011,3d5f2317-1486-4f4e-98c1-82c6e5655ac2,43.97,44.0,128,96,,False
1781506262711,25de222c-95bd-43c3-924e-6cec0d598c52,53.04,54.0,128,96,,False
1781506263971,49187fdb-bf48-4681-ae74-627168f787a5,49.87,50.0,128,96,,False
