key,size_bytes,category
build_1778582313-2931b02.bin,1014960,full_binary
build_1778582831-80c0b42.bin,1014960,full_binary
build_1778588198-1bfeb4e.bin,1013488,full_binary
build_1778588554-fbf86d5.bin,1013520,full_binary
build_1778588750-91e915d.bin,1013984,full_binary
build_1778589295-953a1df.bin,1013696,full_binary
build_1778589946-8dd6822.bin,1013888,full_binary
build_1778590352-ee729d6.bin,1013888,full_binary
build_1778593232-d7dfca8.bin,1014832,full_binary
build_1778593600-6ef0a96.bin,1014816,full_binary
build_1778593880-56fe97f.bin,1015136,full_binary
build_1778594259-dad813d.bin,1015136,full_binary
build_1778594674-f46f3b0.bin,1015136,full_binary
build_1778595766-411e54e.bin,1015360,full_binary
build_1778596486-562fe64.bin,1015360,full_binary
build_1778596884-fb89fc5.bin,1015360,full_binary
build_1778597199-1b5f2e2.bin,1015360,full_binary
build_1778597600-85a4f36.bin,1015360,full_binary
build_1778956228-58832ee.bin,1015360,full_binary
build_1778956756-11abbcb.bin,1015360,full_binary
build_1779044467-d1296d3.bin,1015616,full_binary
build_1779045278-caa0bcf.bin,1015616,full_binary
build_1779131221-cde2b75.bin,1015616,full_binary
build_1779134141-2f617b4.bin,1017232,full_binary
build_1779206472-18c6664.bin,1015616,full_binary
build_1779207123-9c0e83f.bin,1015616,full_binary
build_1779207526-6ce4cf4.bin,1015616,full_binary
build_1781211008-db89edf.bin,992320,full_binary
build_1781212470-0c71f9c.bin,992320,full_binary
build_1781265883-f454d0e.bin,992320,full_binary
build_1781288450-416717a.bin,992320,full_binary
build_1781290194-befbc39.bin,995376,full_binary
build_1781290871-c2757b5.bin,995456,full_binary
build_1781291884-aca20c7.bin,995376,full_binary
build_1781291927-6a58e0c.bin,995456,full_binary
build_1781293420-ffc0f69.bin,995376,full_binary
build_1781344787-e81a282.bin,995456,full_binary
build_1781344965-c79d464.bin,995552,full_binary
build_1781483080-e6209cd.bin,996336,full_binary
build_1781505981-e6209cd.bin,996336,full_binary
build_s2-base-full.bin,955616,full_binary
build_s2-base.bin,955712,full_binary
build_s2-mj3.bin,956736,full_binary
build_s2-mn1-full.bin,955696,full_binary
build_s2-mn1.bin,955776,full_binary
build_s2-nu2.bin,955712,full_binary
build_s3-base-full.bin,956064,full_binary
build_s3-base.bin,956144,full_binary
build_s3-mn1-full.bin,956128,full_binary
build_s3-mn1.bin,956208,full_binary
build_s3-nu2.bin,956144,full_binary
manifest.backup.json,3673,manifest
manifest.json,4293,manifest
patch_1778582313-2931b02_to_1778582831-80c0b42.bin,209,patch
patch_1778582313-2931b02_to_1778588198-1bfeb4e.bin,104978,patch
patch_1778582313-2931b02_to_1778588554-fbf86d5.bin,105013,patch
patch_1778582313-2931b02_to_1778588750-91e915d.bin,104717,patch
patch_1778582313-2931b02_to_1778589295-953a1df.bin,159463,patch
patch_1778582313-2931b02_to_1778589946-8dd6822.bin,121549,patch
patch_1778582313-2931b02_to_1778590352-ee729d6.bin,121551,patch
patch_1778582313-2931b02_to_1778593232-d7dfca8.bin,88415,patch
patch_1778582313-2931b02_to_1778593600-6ef0a96.bin,88434,patch
patch_1778582313-2931b02_to_1778593880-56fe97f.bin,95460,patch
patch_1778582313-2931b02_to_1778594259-dad813d.bin,95457,patch
patch_1778582313-2931b02_to_1778594674-f46f3b0.bin,91112,patch
patch_1778582313-2931b02_to_1778595766-411e54e.bin,97267,patch
patch_1778582313-2931b02_to_1778596486-562fe64.bin,97266,patch
patch_1778582313-2931b02_to_1778596884-fb89fc5.bin,97267,patch
patch_1778582313-2931b02_to_1778597199-1b5f2e2.bin,97265,patch
patch_1778582313-2931b02_to_1778597600-85a4f36.bin,97267,patch
patch_1778582313-2931b02_to_1778956228-58832ee.bin,97274,patch
patch_1778582313-2931b02_to_1778956756-11abbcb.bin,97250,patch
patch_1778582313-2931b02_to_1779044467-d1296d3.bin,1004335,patch
patch_1778582313-2931b02_to_1779045278-caa0bcf.bin,1004335,patch
patch_1778582313-2931b02_to_1779131221-cde2b75.bin,1004335,patch
patch_1778582313-2931b02_to_1779134141-2f617b4.bin,1005948,patch
patch_1778582313-2931b02_to_1779206472-18c6664.bin,1004335,patch
patch_1778582313-2931b02_to_1779207123-9c0e83f.bin,1004335,patch
patch_1778582313-2931b02_to_1779207526-6ce4cf4.bin,1004335,patch
patch_1778582313-2931b02_to_1781211008-db89edf.bin,981032,patch
patch_1778582313-2931b02_to_1781212470-0c71f9c.bin,981032,patch
patch_1778582313-2931b02_to_1781265883-f454d0e.bin,981032,patch
patch_1778582313-2931b02_to_1781288450-416717a.bin,981032,patch
patch_1778582313-2931b02_to_1781290194-befbc39.bin,984091,patch
patch_1778582313-2931b02_to_1781290871-c2757b5.bin,984172,patch
patch_1778582313-2931b02_to_1781291884-aca20c7.bin,984091,patch
patch_1778582313-2931b02_to_1781291927-6a58e0c.bin,984172,patch
patch_1778582313-2931b02_to_1781293420-ffc0f69.bin,984091,patch
patch_1778582313-2931b02_to_1781344787-e81a282.bin,984178,patch
patch_1778582313-2931b02_to_1781344965-c79d464.bin,984262,patch
patch_1778582313-2931b02_to_1781483080-e6209cd.bin,985061,patch
patch_1778582313-2931b02_to_1781505981-e6209cd.bin,985061,patch
patch_1778582831-80c0b42_to_1778588198-1bfeb4e.bin,105006,patch
patch_1778582831-80c0b42_to_1778588554-fbf86d5.bin,105044,patch
patch_1778582831-80c0b42_to_1778588750-91e915d.bin,104745,patch
patch_1778582831-80c0b42_to_1778589295-953a1df.bin,159463,patch
patch_1778582831-80c0b42_to_1778589946-8dd6822.bin,121549,patch
patch_1778582831-80c0b42_to_1778590352-ee729d6.bin,121551,patch
patch_1778582831-80c0b42_to_1778593232-d7dfca8.bin,88433,patch
patch_1778582831-80c0b42_to_1778593600-6ef0a96.bin,88434,patch
patch_1778582831-80c0b42_to_1778593880-56fe97f.bin,95460,patch
patch_1778582831-80c0b42_to_1778594259-dad813d.bin,95457,patch
patch_1778582831-80c0b42_to_1778594674-f46f3b0.bin,91105,patch
patch_1778582831-80c0b42_to_1778595766-411e54e.bin,97259,patch
patch_1778582831-80c0b42_to_1778596486-562fe64.bin,97242,patch
patch_1778582831-80c0b42_to_1778596884-fb89fc5.bin,97249,patch
patch_1778582831-80c0b42_to_1778597199-1b5f2e2.bin,97245,patch
patch_1778582831-80c0b42_to_1778597600-85a4f36.bin,97254,patch
patch_1778582831-80c0b42_to_1778956228-58832ee.bin,97261,patch
patch_1778582831-80c0b42_to_1778956756-11abbcb.bin,97274,patch
patch_1778582831-80c0b42_to_1779044467-d1296d3.bin,1004335,patch
patch_1778582831-80c0b42_to_1779045278-caa0bcf.bin,1004335,patch
patch_1778582831-80c0b42_to_1779131221-cde2b75.bin,1004335,patch
patch_1778582831-80c0b42_to_1779134141-2f617b4.bin,1005948,patch
patch_1778582831-80c0b42_to_1779206472-18c6664.bin,1004335,patch
patch_1778582831-80c0b42_to_1779207123-9c0e83f.bin,1004335,patch
patch_1778582831-80c0b42_to_1779207526-6ce4cf4.bin,1004335,patch
patch_1778582831-80c0b42_to_1781211008-db89edf.bin,981032,patch
patch_1778582831-80c0b42_to_1781212470-0c71f9c.bin,981032,patch
patch_1778582831-80c0b42_to_1781265883-f454d0e.bin,981032,patch
patch_1778582831-80c0b42_to_1781288450-416717a.bin,981032,patch
patch_1778582831-80c0b42_to_1781290194-befbc39.bin,984091,patch
patch_1778582831-80c0b42_to_1781290871-c2757b5.bin,984172,patch
patch_1778582831-80c0b42_to_1781291884-aca20c7.bin,984091,patch
patch_1778582831-80c0b42_to_1781291927-6a58e0c.bin,984172,patch
patch_1778582831-80c0b42_to_1781293420-ffc0f69.bin,984091,patch
patch_1778582831-80c0b42_to_1781344787-e81a282.bin,984178,patch
patch_1778582831-80c0b42_to_1781344965-c79d464.bin,984262,patch
patch_1778582831-80c0b42_to_1781483080-e6209cd.bin,985061,patch
patch_1778582831-80c0b42_to_1781505981-e6209cd.bin,985061,patch
patch_1778588198-1bfeb4e_to_1778588554-fbf86d5.bin,79845,patch
patch_1778588198-1bfeb4e_to_1778588750-91e915d.bin,82516,patch
patch_1778588198-1bfeb4e_to_1778589295-953a1df.bin,155683,patch
patch_1778588198-1bfeb4e_to_1778589946-8dd6822.bin,117633,patch
patch_1778588198-1bfeb4e_to_1778590352-ee729d6.bin,117629,patch
patch_1778588198-1bfeb4e_to_1778593232-d7dfca8.bin,107383,patch
patch_1778588198-1bfeb4e_to_1778593600-6ef0a96.bin,107767,patch
patch_1778588198-1bfeb4e_to_1778593880-56fe97f.bin,108308,patch
patch_1778588198-1bfeb4e_to_1778594259-dad813d.bin,108308,patch
patch_1778588198-1bfeb4e_to_1778594674-f46f3b0.bin,108021,patch
patch_1778588198-1bfeb4e_to_1778595766-411e54e.bin,108959,patch
patch_1778588198-1bfeb4e_to_1778596486-562fe64.bin,108961,patch
patch_1778588198-1bfeb4e_to_1778596884-fb89fc5.bin,108961,patch
patch_1778588198-1bfeb4e_to_1778597199-1b5f2e2.bin,108961,patch
patch_1778588198-1bfeb4e_to_1778597600-85a4f36.bin,108961,patch
patch_1778588198-1bfeb4e_to_1778956228-58832ee.bin,108967,patch
patch_1778588198-1bfeb4e_to_1778956756-11abbcb.bin,108946,patch
patch_1778588198-1bfeb4e_to_1779044467-d1296d3.bin,1004335,patch
patch_1778588198-1bfeb4e_to_1779045278-caa0bcf.bin,1004335,patch
patch_1778588198-1bfeb4e_to_1779131221-cde2b75.bin,1004335,patch
patch_1778588198-1bfeb4e_to_1779134141-2f617b4.bin,1005948,patch
patch_1778588198-1bfeb4e_to_1779206472-18c6664.bin,1004335,patch
patch_1778588198-1bfeb4e_to_1779207123-9c0e83f.bin,1004335,patch
patch_1778588198-1bfeb4e_to_1779207526-6ce4cf4.bin,1004335,patch
patch_1778588198-1bfeb4e_to_1781211008-db89edf.bin,981032,patch
patch_1778588198-1bfeb4e_to_1781212470-0c71f9c.bin,981032,patch
patch_1778588198-1bfeb4e_to_1781265883-f454d0e.bin,981032,patch
patch_1778588198-1bfeb4e_to_1781288450-416717a.bin,981032,patch
patch_1778588198-1bfeb4e_to_1781290194-befbc39.bin,984091,patch
patch_1778588198-1bfeb4e_to_1781290871-c2757b5.bin,984172,patch
patch_1778588198-1bfeb4e_to_1781291884-aca20c7.bin,984091,patch
patch_1778588198-1bfeb4e_to_1781291927-6a58e0c.bin,984172,patch
patch_1778588198-1bfeb4e_to_1781293420-ffc0f69.bin,984091,patch
patch_1778588198-1bfeb4e_to_1781344787-e81a282.bin,984178,patch
patch_1778588198-1bfeb4e_to_1781344965-c79d464.bin,984262,patch
patch_1778588198-1bfeb4e_to_1781483080-e6209cd.bin,985061,patch
patch_1778588198-1bfeb4e_to_1781505981-e6209cd.bin,985061,patch
patch_1778588554-fbf86d5_to_1778588750-91e915d.bin,82797,patch
patch_1778588554-fbf86d5_to_1778589295-953a1df.bin,156183,patch
patch_1778588554-fbf86d5_to_1778589946-8dd6822.bin,117903,patch
patch_1778588554-fbf86d5_to_1778590352-ee729d6.bin,117899,patch
patch_1778588554-fbf86d5_to_1778593232-d7dfca8.bin,106998,patch
patch_1778588554-fbf86d5_to_1778593600-6ef0a96.bin,107349,patch
patch_1778588554-fbf86d5_to_1778593880-56fe97f.bin,108639,patch
patch_1778588554-fbf86d5_to_1778594259-dad813d.bin,108636,patch
patch_1778588554-fbf86d5_to_1778594674-f46f3b0.bin,108251,patch
patch_1778588554-fbf86d5_to_1778595766-411e54e.bin,109628,patch
patch_1778588554-fbf86d5_to_1778596486-562fe64.bin,109628,patch
patch_1778588554-fbf86d5_to_1778596884-fb89fc5.bin,109627,patch
patch_1778588554-fbf86d5_to_1778597199-1b5f2e2.bin,109628,patch
patch_1778588554-fbf86d5_to_1778597600-85a4f36.bin,109628,patch
patch_1778588554-fbf86d5_to_1778956228-58832ee.bin,109635,patch
patch_1778588554-fbf86d5_to_1778956756-11abbcb.bin,109611,patch
patch_1778588554-fbf86d5_to_1779044467-d1296d3.bin,1004335,patch
patch_1778588554-fbf86d5_to_1779045278-caa0bcf.bin,1004335,patch
patch_1778588554-fbf86d5_to_1779131221-cde2b75.bin,1004335,patch
patch_1778588554-fbf86d5_to_1779134141-2f617b4.bin,1005948,patch
patch_1778588554-fbf86d5_to_1779206472-18c6664.bin,1004335,patch
patch_1778588554-fbf86d5_to_1779207123-9c0e83f.bin,1004335,patch
patch_1778588554-fbf86d5_to_1779207526-6ce4cf4.bin,1004335,patch
patch_1778588554-fbf86d5_to_1781211008-db89edf.bin,981032,patch
patch_1778588554-fbf86d5_to_1781212470-0c71f9c.bin,981032,patch
patch_1778588554-fbf86d5_to_1781265883-f454d0e.bin,981032,patch
patch_1778588554-fbf86d5_to_1781288450-416717a.bin,981032,patch
patch_1778588554-fbf86d5_to_1781290194-befbc39.bin,984091,patch
patch_1778588554-fbf86d5_to_1781290871-c2757b5.bin,984172,patch
patch_1778588554-fbf86d5_to_1781291884-aca20c7.bin,984091,patch
patch_1778588554-fbf86d5_to_1781291927-6a58e0c.bin,984172,patch
patch_1778588554-fbf86d5_to_1781293420-ffc0f69.bin,984091,patch
patch_1778588554-fbf86d5_to_1781344787-e81a282.bin,984178,patch
patch_1778588554-fbf86d5_to_1781344965-c79d464.bin,984262,patch
patch_1778588554-fbf86d5_to_1781483080-e6209cd.bin,985061,patch
patch_1778588554-fbf86d5_to_1781505981-e6209cd.bin,985061,patch
patch_1778588750-91e915d_to_1778589295-953a1df.bin,156648,patch
patch_1778588750-91e915d_to_1778589946-8dd6822.bin,117335,patch
patch_1778588750-91e915d_to_1778590352-ee729d6.bin,117339,patch
patch_1778588750-91e915d_to_1778593232-d7dfca8.bin,105068,patch
patch_1778588750-91e915d_to_1778593600-6ef0a96.bin,105493,patch
patch_1778588750-91e915d_to_1778593880-56fe97f.bin,108227,patch
patch_1778588750-91e915d_to_1778594259-dad813d.bin,108226,patch
patch_1778588750-91e915d_to_1778594674-f46f3b0.bin,107909,patch
patch_1778588750-91e915d_to_1778595766-411e54e.bin,109241,patch
patch_1778588750-91e915d_to_1778596486-562fe64.bin,109238,patch
patch_1778588750-91e915d_to_1778596884-fb89fc5.bin,109241,patch
patch_1778588750-91e915d_to_1778597199-1b5f2e2.bin,109241,patch
patch_1778588750-91e915d_to_1778597600-85a4f36.bin,109241,patch
patch_1778588750-91e915d_to_1778956228-58832ee.bin,109248,patch
patch_1778588750-91e915d_to_1778956756-11abbcb.bin,109217,patch
patch_1778588750-91e915d_to_1779044467-d1296d3.bin,1004335,patch
patch_1778588750-91e915d_to_1779045278-caa0bcf.bin,1004335,patch
patch_1778588750-91e915d_to_1779131221-cde2b75.bin,1004335,patch
patch_1778588750-91e915d_to_1779134141-2f617b4.bin,1005948,patch
patch_1778588750-91e915d_to_1779206472-18c6664.bin,1004335,patch
patch_1778588750-91e915d_to_1779207123-9c0e83f.bin,1004335,patch
patch_1778588750-91e915d_to_1779207526-6ce4cf4.bin,1004335,patch
patch_1778588750-91e915d_to_1781211008-db89edf.bin,981032,patch
patch_1778588750-91e915d_to_1781212470-0c71f9c.bin,981032,patch
patch_1778588750-91e915d_to_1781265883-f454d0e.bin,981032,patch
patch_1778588750-91e915d_to_1781288450-416717a.bin,981032,patch
patch_1778588750-91e915d_to_1781290194-befbc39.bin,984091,patch
patch_1778588750-91e915d_to_1781290871-c2757b5.bin,984172,patch
patch_1778588750-91e915d_to_1781291884-aca20c7.bin,984091,patch
patch_1778588750-91e915d_to_1781291927-6a58e0c.bin,984172,patch
patch_1778588750-91e915d_to_1781293420-ffc0f69.bin,984091,patch
patch_1778588750-91e915d_to_1781344787-e81a282.bin,984178,patch
patch_1778588750-91e915d_to_1781344965-c79d464.bin,984262,patch
patch_1778588750-91e915d_to_1781483080-e6209cd.bin,985061,patch
patch_1778588750-91e915d_to_1781505981-e6209cd.bin,985061,patch
patch_1778589295-953a1df_to_1778589946-8dd6822.bin,142856,patch
patch_1778589295-953a1df_to_1778590352-ee729d6.bin,142858,patch
patch_1778589295-953a1df_to_1778593232-d7dfca8.bin,159165,patch
patch_1778589295-953a1df_to_1778593600-6ef0a96.bin,159252,patch
patch_1778589295-953a1df_to_1778593880-56fe97f.bin,158892,patch
patch_1778589295-953a1df_to_1778594259-dad813d.bin,158893,patch
patch_1778589295-953a1df_to_1778594674-f46f3b0.bin,159163,patch
patch_1778589295-953a1df_to_1778595766-411e54e.bin,159982,patch
patch_1778589295-953a1df_to_1778596486-562fe64.bin,159983,patch
patch_1778589295-953a1df_to_1778596884-fb89fc5.bin,159982,patch
patch_1778589295-953a1df_to_1778597199-1b5f2e2.bin,159983,patch
patch_1778589295-953a1df_to_1778597600-85a4f36.bin,159983,patch
patch_1778589295-953a1df_to_1778956228-58832ee.bin,159989,patch
patch_1778589295-953a1df_to_1778956756-11abbcb.bin,159986,patch
patch_1778589295-953a1df_to_1779044467-d1296d3.bin,1004335,patch
patch_1778589295-953a1df_to_1779045278-caa0bcf.bin,1004335,patch
patch_1778589295-953a1df_to_1779131221-cde2b75.bin,1004335,patch
patch_1778589295-953a1df_to_1779134141-2f617b4.bin,1005948,patch
patch_1778589295-953a1df_to_1779206472-18c6664.bin,1004335,patch
patch_1778589295-953a1df_to_1779207123-9c0e83f.bin,1004335,patch
patch_1778589295-953a1df_to_1779207526-6ce4cf4.bin,1004335,patch
patch_1778589295-953a1df_to_1781211008-db89edf.bin,981032,patch
patch_1778589295-953a1df_to_1781212470-0c71f9c.bin,981032,patch
patch_1778589295-953a1df_to_1781265883-f454d0e.bin,981032,patch
patch_1778589295-953a1df_to_1781288450-416717a.bin,981032,patch
patch_1778589295-953a1df_to_1781290194-befbc39.bin,984091,patch
patch_1778589295-953a1df_to_1781290871-c2757b5.bin,984172,patch
patch_1778589295-953a1df_to_1781291884-aca20c7.bin,984091,patch
patch_1778589295-953a1df_to_1781291927-6a58e0c.bin,984172,patch
patch_1778589295-953a1df_to_1781293420-ffc0f69.bin,984091,patch
patch_1778589295-953a1df_to_1781344787-e81a282.bin,984178,patch
patch_1778589295-953a1df_to_1781344965-c79d464.bin,984262,patch
patch_1778589295-953a1df_to_1781483080-e6209cd.bin,985061,patch
patch_1778589295-953a1df_to_1781505981-e6209cd.bin,985061,patch
patch_1778589946-8dd6822_to_1778590352-ee729d6.bin,236,patch
patch_1778589946-8dd6822_to_1778593232-d7dfca8.bin,115159,patch
patch_1778589946-8dd6822_to_1778593600-6ef0a96.bin,115441,patch
patch_1778589946-8dd6822_to_1778593880-56fe97f.bin,116935,patch
patch_1778589946-8dd6822_to_1778594259-dad813d.bin,116935,patch
patch_1778589946-8dd6822_to_1778594674-f46f3b0.bin,116574,patch
patch_1778589946-8dd6822_to_1778595766-411e54e.bin,116912,patch
patch_1778589946-8dd6822_to_1778596486-562fe64.bin,116904,patch
patch_1778589946-8dd6822_to_1778596884-fb89fc5.bin,116904,patch
patch_1778589946-8dd6822_to_1778597199-1b5f2e2.bin,116907,patch
patch_1778589946-8dd6822_to_1778597600-85a4f36.bin,116908,patch
patch_1778589946-8dd6822_to_1778956228-58832ee.bin,116915,patch
patch_1778589946-8dd6822_to_1778956756-11abbcb.bin,116907,patch
patch_1778589946-8dd6822_to_1779044467-d1296d3.bin,1004335,patch
patch_1778589946-8dd6822_to_1779045278-caa0bcf.bin,1004335,patch
patch_1778589946-8dd6822_to_1779131221-cde2b75.bin,1004335,patch
patch_1778589946-8dd6822_to_1779134141-2f617b4.bin,1005948,patch
patch_1778589946-8dd6822_to_1779206472-18c6664.bin,1004335,patch
patch_1778589946-8dd6822_to_1779207123-9c0e83f.bin,1004335,patch
patch_1778589946-8dd6822_to_1779207526-6ce4cf4.bin,1004335,patch
patch_1778589946-8dd6822_to_1781211008-db89edf.bin,981032,patch
patch_1778589946-8dd6822_to_1781212470-0c71f9c.bin,981032,patch
patch_1778589946-8dd6822_to_1781265883-f454d0e.bin,981032,patch
patch_1778589946-8dd6822_to_1781288450-416717a.bin,981032,patch
patch_1778589946-8dd6822_to_1781290194-befbc39.bin,984091,patch
patch_1778589946-8dd6822_to_1781290871-c2757b5.bin,984172,patch
patch_1778589946-8dd6822_to_1781291884-aca20c7.bin,984091,patch
patch_1778589946-8dd6822_to_1781291927-6a58e0c.bin,984172,patch
patch_1778589946-8dd6822_to_1781293420-ffc0f69.bin,984091,patch
patch_1778589946-8dd6822_to_1781344787-e81a282.bin,984178,patch
patch_1778589946-8dd6822_to_1781344965-c79d464.bin,984262,patch
patch_1778589946-8dd6822_to_1781483080-e6209cd.bin,985061,patch
patch_1778589946-8dd6822_to_1781505981-e6209cd.bin,985061,patch
patch_1778590352-ee729d6_to_1778593232-d7dfca8.bin,115158,patch
patch_1778590352-ee729d6_to_1778593600-6ef0a96.bin,115439,patch
patch_1778590352-ee729d6_to_1778593880-56fe97f.bin,116934,patch
patch_1778590352-ee729d6_to_1778594259-dad813d.bin,116934,patch
patch_1778590352-ee729d6_to_1778594674-f46f3b0.bin,116573,patch
patch_1778590352-ee729d6_to_1778595766-411e54e.bin,116911,patch
patch_1778590352-ee729d6_to_1778596486-562fe64.bin,116911,patch
patch_1778590352-ee729d6_to_1778596884-fb89fc5.bin,116911,patch
patch_1778590352-ee729d6_to_1778597199-1b5f2e2.bin,116911,patch
patch_1778590352-ee729d6_to_1778597600-85a4f36.bin,116910,patch
patch_1778590352-ee729d6_to_1778956228-58832ee.bin,116919,patch
patch_1778590352-ee729d6_to_1778956756-11abbcb.bin,116919,patch
patch_1778590352-ee729d6_to_1779044467-d1296d3.bin,1004335,patch
patch_1778590352-ee729d6_to_1779045278-caa0bcf.bin,1004335,patch
patch_1778590352-ee729d6_to_1779131221-cde2b75.bin,1004335,patch
patch_1778590352-ee729d6_to_1779134141-2f617b4.bin,1005948,patch
patch_1778590352-ee729d6_to_1779206472-18c6664.bin,1004335,patch
patch_1778590352-ee729d6_to_1779207123-9c0e83f.bin,1004335,patch
patch_1778590352-ee729d6_to_1779207526-6ce4cf4.bin,1004335,patch
patch_1778590352-ee729d6_to_1781211008-db89edf.bin,981032,patch
patch_1778590352-ee729d6_to_1781212470-0c71f9c.bin,981032,patch
patch_1778590352-ee729d6_to_1781265883-f454d0e.bin,981032,patch
patch_1778590352-ee729d6_to_1781288450-416717a.bin,981032,patch
patch_1778590352-ee729d6_to_1781290194-befbc39.bin,984091,patch
patch_1778590352-ee729d6_to_1781290871-c2757b5.bin,984172,patch
patch_1778590352-ee729d6_to_1781291884-aca20c7.bin,984091,patch
patch_1778590352-ee729d6_to_1781291927-6a58e0c.bin,984172,patch
patch_1778590352-ee729d6_to_1781293420-ffc0f69.bin,984091,patch
patch_1778590352-ee729d6_to_1781344787-e81a282.bin,984178,patch
patch_1778590352-ee729d6_to_1781344965-c79d464.bin,984262,patch
patch_1778590352-ee729d6_to_1781483080-e6209cd.bin,985061,patch
patch_1778590352-ee729d6_to_1781505981-e6209cd.bin,985061,patch
patch_1778593232-d7dfca8_to_1778593600-6ef0a96.bin,50296,patch
patch_1778593232-d7dfca8_to_1778593880-56fe97f.bin,82916,patch
patch_1778593232-d7dfca8_to_1778594259-dad813d.bin,82917,patch
patch_1778593232-d7dfca8_to_1778594674-f46f3b0.bin,82927,patch
patch_1778593232-d7dfca8_to_1778595766-411e54e.bin,84754,patch
patch_1778593232-d7dfca8_to_1778596486-562fe64.bin,84754,patch
patch_1778593232-d7dfca8_to_1778596884-fb89fc5.bin,84754,patch
patch_1778593232-d7dfca8_to_1778597199-1b5f2e2.bin,84754,patch
patch_1778593232-d7dfca8_to_1778597600-85a4f36.bin,84753,patch
patch_1778593232-d7dfca8_to_1778956228-58832ee.bin,84762,patch
patch_1778593232-d7dfca8_to_1778956756-11abbcb.bin,84738,patch
patch_1778593232-d7dfca8_to_1779044467-d1296d3.bin,1004335,patch
patch_1778593232-d7dfca8_to_1779045278-caa0bcf.bin,1004335,patch
patch_1778593232-d7dfca8_to_1779131221-cde2b75.bin,1004335,patch
patch_1778593232-d7dfca8_to_1779134141-2f617b4.bin,1005948,patch
patch_1778593232-d7dfca8_to_1779206472-18c6664.bin,1004335,patch
patch_1778593232-d7dfca8_to_1779207123-9c0e83f.bin,1004335,patch
patch_1778593232-d7dfca8_to_1779207526-6ce4cf4.bin,1004335,patch
patch_1778593232-d7dfca8_to_1781211008-db89edf.bin,981032,patch
patch_1778593232-d7dfca8_to_1781212470-0c71f9c.bin,981032,patch
patch_1778593232-d7dfca8_to_1781265883-f454d0e.bin,981032,patch
patch_1778593232-d7dfca8_to_1781288450-416717a.bin,981032,patch
patch_1778593232-d7dfca8_to_1781290194-befbc39.bin,984091,patch
patch_1778593232-d7dfca8_to_1781290871-c2757b5.bin,984172,patch
patch_1778593232-d7dfca8_to_1781291884-aca20c7.bin,984091,patch
patch_1778593232-d7dfca8_to_1781291927-6a58e0c.bin,984172,patch
patch_1778593232-d7dfca8_to_1781293420-ffc0f69.bin,984091,patch
patch_1778593232-d7dfca8_to_1781344787-e81a282.bin,984178,patch
patch_1778593232-d7dfca8_to_1781344965-c79d464.bin,984262,patch
patch_1778593232-d7dfca8_to_1781483080-e6209cd.bin,985061,patch
patch_1778593232-d7dfca8_to_1781505981-e6209cd.bin,985061,patch
patch_1778593600-6ef0a96_to_1778593880-56fe97f.bin,82846,patch
patch_1778593600-6ef0a96_to_1778594259-dad813d.bin,82853,patch
patch_1778593600-6ef0a96_to_1778594674-f46f3b0.bin,82950,patch
patch_1778593600-6ef0a96_to_1778595766-411e54e.bin,84040,patch
patch_1778593600-6ef0a96_to_1778596486-562fe64.bin,84040,patch
patch_1778593600-6ef0a96_to_1778596884-fb89fc5.bin,84040,patch
patch_1778593600-6ef0a96_to_1778597199-1b5f2e2.bin,84040,patch
patch_1778593600-6ef0a96_to_1778597600-85a4f36.bin,84039,patch
patch_1778593600-6ef0a96_to_1778956228-58832ee.bin,84048,patch
patch_1778593600-6ef0a96_to_1778956756-11abbcb.bin,84044,patch
patch_1778593600-6ef0a96_to_1779044467-d1296d3.bin,1004335,patch
patch_1778593600-6ef0a96_to_1779045278-caa0bcf.bin,1004335,patch
patch_1778593600-6ef0a96_to_1779131221-cde2b75.bin,1004335,patch
patch_1778593600-6ef0a96_to_1779134141-2f617b4.bin,1005948,patch
patch_1778593600-6ef0a96_to_1779206472-18c6664.bin,1004335,patch
patch_1778593600-6ef0a96_to_1779207123-9c0e83f.bin,1004335,patch
patch_1778593600-6ef0a96_to_1779207526-6ce4cf4.bin,1004335,patch
patch_1778593600-6ef0a96_to_1781211008-db89edf.bin,981032,patch
patch_1778593600-6ef0a96_to_1781212470-0c71f9c.bin,981032,patch
patch_1778593600-6ef0a96_to_1781265883-f454d0e.bin,981032,patch
patch_1778593600-6ef0a96_to_1781288450-416717a.bin,981032,patch
patch_1778593600-6ef0a96_to_1781290194-befbc39.bin,984091,patch
patch_1778593600-6ef0a96_to_1781290871-c2757b5.bin,984172,patch
patch_1778593600-6ef0a96_to_1781291884-aca20c7.bin,984091,patch
patch_1778593600-6ef0a96_to_1781291927-6a58e0c.bin,984172,patch
patch_1778593600-6ef0a96_to_1781293420-ffc0f69.bin,984091,patch
patch_1778593600-6ef0a96_to_1781344787-e81a282.bin,984178,patch
patch_1778593600-6ef0a96_to_1781344965-c79d464.bin,984262,patch
patch_1778593600-6ef0a96_to_1781483080-e6209cd.bin,985061,patch
patch_1778593600-6ef0a96_to_1781505981-e6209cd.bin,985061,patch
patch_1778593880-56fe97f_to_1778594259-dad813d.bin,127,patch
patch_1778593880-56fe97f_to_1778594674-f46f3b0.bin,50262,patch
patch_1778593880-56fe97f_to_1778595766-411e54e.bin,81895,patch
patch_1778593880-56fe97f_to_1778596486-562fe64.bin,81895,patch
patch_1778593880-56fe97f_to_1778596884-fb89fc5.bin,81895,patch
patch_1778593880-56fe97f_to_1778597199-1b5f2e2.bin,81895,patch
patch_1778593880-56fe97f_to_1778597600-85a4f36.bin,81892,patch
patch_1778593880-56fe97f_to_1778956228-58832ee.bin,81903,patch
patch_1778593880-56fe97f_to_1778956756-11abbcb.bin,81899,patch
patch_1778593880-56fe97f_to_1779044467-d1296d3.bin,1004335,patch
patch_1778593880-56fe97f_to_1779045278-caa0bcf.bin,1004335,patch
patch_1778593880-56fe97f_to_1779131221-cde2b75.bin,1004335,patch
patch_1778593880-56fe97f_to_1779134141-2f617b4.bin,1005948,patch
patch_1778593880-56fe97f_to_1779206472-18c6664.bin,1004335,patch
patch_1778593880-56fe97f_to_1779207123-9c0e83f.bin,1004335,patch
patch_1778593880-56fe97f_to_1779207526-6ce4cf4.bin,1004335,patch
patch_1778593880-56fe97f_to_1781211008-db89edf.bin,981032,patch
patch_1778593880-56fe97f_to_1781212470-0c71f9c.bin,981032,patch
patch_1778593880-56fe97f_to_1781265883-f454d0e.bin,981032,patch
patch_1778593880-56fe97f_to_1781288450-416717a.bin,981032,patch
patch_1778593880-56fe97f_to_1781290194-befbc39.bin,984091,patch
patch_1778593880-56fe97f_to_1781290871-c2757b5.bin,984172,patch
patch_1778593880-56fe97f_to_1781291884-aca20c7.bin,984091,patch
patch_1778593880-56fe97f_to_1781291927-6a58e0c.bin,984172,patch
patch_1778593880-56fe97f_to_1781293420-ffc0f69.bin,984091,patch
patch_1778593880-56fe97f_to_1781344787-e81a282.bin,984178,patch
patch_1778593880-56fe97f_to_1781344965-c79d464.bin,984262,patch
patch_1778593880-56fe97f_to_1781483080-e6209cd.bin,985061,patch
patch_1778593880-56fe97f_to_1781505981-e6209cd.bin,985061,patch
patch_1778594259-dad813d_to_1778594674-f46f3b0.bin,50261,patch
patch_1778594259-dad813d_to_1778595766-411e54e.bin,81895,patch
patch_1778594259-dad813d_to_1778596486-562fe64.bin,81895,patch
patch_1778594259-dad813d_to_1778596884-fb89fc5.bin,81895,patch
patch_1778594259-dad813d_to_1778597199-1b5f2e2.bin,81895,patch
patch_1778594259-dad813d_to_1778597600-85a4f36.bin,81894,patch
patch_1778594259-dad813d_to_1778956228-58832ee.bin,81903,patch
patch_1778594259-dad813d_to_1778956756-11abbcb.bin,81899,patch
patch_1778594259-dad813d_to_1779044467-d1296d3.bin,1004335,patch
patch_1778594259-dad813d_to_1779045278-caa0bcf.bin,1004335,patch
patch_1778594259-dad813d_to_1779131221-cde2b75.bin,1004335,patch
patch_1778594259-dad813d_to_1779134141-2f617b4.bin,1005948,patch
patch_1778594259-dad813d_to_1779206472-18c6664.bin,1004335,patch
patch_1778594259-dad813d_to_1779207123-9c0e83f.bin,1004335,patch
patch_1778594259-dad813d_to_1779207526-6ce4cf4.bin,1004335,patch
patch_1778594259-dad813d_to_1781211008-db89edf.bin,981032,patch
patch_1778594259-dad813d_to_1781212470-0c71f9c.bin,981032,patch
patch_1778594259-dad813d_to_1781265883-f454d0e.bin,981032,patch
patch_1778594259-dad813d_to_1781288450-416717a.bin,981032,patch
patch_1778594259-dad813d_to_1781290194-befbc39.bin,984091,patch
patch_1778594259-dad813d_to_1781290871-c2757b5.bin,984172,patch
patch_1778594259-dad813d_to_1781291884-aca20c7.bin,984091,patch
patch_1778594259-dad813d_to_1781291927-6a58e0c.bin,984172,patch
patch_1778594259-dad813d_to_1781293420-ffc0f69.bin,984091,patch
patch_1778594259-dad813d_to_1781344787-e81a282.bin,984178,patch
patch_1778594259-dad813d_to_1781344965-c79d464.bin,984262,patch
patch_1778594259-dad813d_to_1781483080-e6209cd.bin,985061,patch
patch_1778594259-dad813d_to_1781505981-e6209cd.bin,985061,patch
patch_1778594674-f46f3b0_to_1778595766-411e54e.bin,81827,patch
patch_1778594674-f46f3b0_to_1778596486-562fe64.bin,81845,patch
patch_1778594674-f46f3b0_to_1778596884-fb89fc5.bin,81848,patch
patch_1778594674-f46f3b0_to_1778597199-1b5f2e2.bin,81844,patch
patch_1778594674-f46f3b0_to_1778597600-85a4f36.bin,81844,patch
patch_1778594674-f46f3b0_to_1778956228-58832ee.bin,81847,patch
patch_1778594674-f46f3b0_to_1778956756-11abbcb.bin,81863,patch
patch_1778594674-f46f3b0_to_1779044467-d1296d3.bin,1004335,patch
patch_1778594674-f46f3b0_to_1779045278-caa0bcf.bin,1004335,patch
patch_1778594674-f46f3b0_to_1779131221-cde2b75.bin,1004335,patch
patch_1778594674-f46f3b0_to_1779134141-2f617b4.bin,1005948,patch
patch_1778594674-f46f3b0_to_1779206472-18c6664.bin,1004335,patch
patch_1778594674-f46f3b0_to_1779207123-9c0e83f.bin,1004335,patch
patch_1778594674-f46f3b0_to_1779207526-6ce4cf4.bin,1004335,patch
patch_1778594674-f46f3b0_to_1781211008-db89edf.bin,981032,patch
patch_1778594674-f46f3b0_to_1781212470-0c71f9c.bin,981032,patch
patch_1778594674-f46f3b0_to_1781265883-f454d0e.bin,981032,patch
patch_1778594674-f46f3b0_to_1781288450-416717a.bin,981032,patch
patch_1778594674-f46f3b0_to_1781290194-befbc39.bin,984091,patch
patch_1778594674-f46f3b0_to_1781290871-c2757b5.bin,984172,patch
patch_1778594674-f46f3b0_to_1781291884-aca20c7.bin,984091,patch
patch_1778594674-f46f3b0_to_1781291927-6a58e0c.bin,984172,patch
patch_1778594674-f46f3b0_to_1781293420-ffc0f69.bin,984091,patch
patch_1778594674-f46f3b0_to_1781344787-e81a282.bin,984178,patch
patch_1778594674-f46f3b0_to_1781344965-c79d464.bin,984262,patch
patch_1778594674-f46f3b0_to_1781483080-e6209cd.bin,985061,patch
patch_1778594674-f46f3b0_to_1781505981-e6209cd.bin,985061,patch
patch_1778595766-411e54e_to_1778596486-562fe64.bin,189,patch
patch_1778595766-411e54e_to_1778596884-fb89fc5.bin,196,patch
patch_1778595766-411e54e_to_1778597199-1b5f2e2.bin,200,patch
patch_1778595766-411e54e_to_1778597600-85a4f36.bin,194,patch
patch_1778595766-411e54e_to_1778956228-58832ee.bin,192,patch
patch_1778595766-411e54e_to_1778956756-11abbcb.bin,252,patch
patch_1778595766-411e54e_to_1779044467-d1296d3.bin,1004335,patch
patch_1778595766-411e54e_to_1779045278-caa0bcf.bin,1004335,patch
patch_1778595766-411e54e_to_1779131221-cde2b75.bin,1004335,patch
patch_1778595766-411e54e_to_1779134141-2f617b4.bin,1005948,patch
patch_1778595766-411e54e_to_1779206472-18c6664.bin,1004335,patch
patch_1778595766-411e54e_to_1779207123-9c0e83f.bin,1004335,patch
patch_1778595766-411e54e_to_1779207526-6ce4cf4.bin,1004335,patch
patch_1778595766-411e54e_to_1781211008-db89edf.bin,981032,patch
patch_1778595766-411e54e_to_1781212470-0c71f9c.bin,981032,patch
patch_1778595766-411e54e_to_1781265883-f454d0e.bin,981032,patch
patch_1778595766-411e54e_to_1781288450-416717a.bin,981032,patch
patch_1778595766-411e54e_to_1781290194-befbc39.bin,984091,patch
patch_1778595766-411e54e_to_1781290871-c2757b5.bin,984172,patch
patch_1778595766-411e54e_to_1781291884-aca20c7.bin,984091,patch
patch_1778595766-411e54e_to_1781291927-6a58e0c.bin,984172,patch
patch_1778595766-411e54e_to_1781293420-ffc0f69.bin,984091,patch
patch_1778595766-411e54e_to_1781344787-e81a282.bin,984178,patch
patch_1778595766-411e54e_to_1781344965-c79d464.bin,984262,patch
patch_1778595766-411e54e_to_1781483080-e6209cd.bin,985061,patch
patch_1778595766-411e54e_to_1781505981-e6209cd.bin,985061,patch
patch_1778596486-562fe64_to_1778596884-fb89fc5.bin,132,patch
patch_1778596486-562fe64_to_1778597199-1b5f2e2.bin,140,patch
patch_1778596486-562fe64_to_1778597600-85a4f36.bin,155,patch
patch_1778596486-562fe64_to_1778956228-58832ee.bin,166,patch
patch_1778596486-562fe64_to_1778956756-11abbcb.bin,213,patch
patch_1778596486-562fe64_to_1779044467-d1296d3.bin,1004335,patch
patch_1778596486-562fe64_to_1779045278-caa0bcf.bin,1004335,patch
patch_1778596486-562fe64_to_1779131221-cde2b75.bin,1004335,patch
patch_1778596486-562fe64_to_1779134141-2f617b4.bin,1005948,patch
patch_1778596486-562fe64_to_1779206472-18c6664.bin,1004335,patch
patch_1778596486-562fe64_to_1779207123-9c0e83f.bin,1004335,patch
patch_1778596486-562fe64_to_1779207526-6ce4cf4.bin,1004335,patch
patch_1778596486-562fe64_to_1781211008-db89edf.bin,981032,patch
patch_1778596486-562fe64_to_1781212470-0c71f9c.bin,981032,patch
patch_1778596486-562fe64_to_1781265883-f454d0e.bin,981032,patch
patch_1778596486-562fe64_to_1781288450-416717a.bin,981032,patch
patch_1778596486-562fe64_to_1781290194-befbc39.bin,984091,patch
patch_1778596486-562fe64_to_1781290871-c2757b5.bin,984172,patch
patch_1778596486-562fe64_to_1781291884-aca20c7.bin,984091,patch
patch_1778596486-562fe64_to_1781291927-6a58e0c.bin,984172,patch
patch_1778596486-562fe64_to_1781293420-ffc0f69.bin,984091,patch
patch_1778596486-562fe64_to_1781344787-e81a282.bin,984178,patch
patch_1778596486-562fe64_to_1781344965-c79d464.bin,984262,patch
patch_1778596486-562fe64_to_1781483080-e6209cd.bin,985061,patch
patch_1778596486-562fe64_to_1781505981-e6209cd.bin,985061,patch
patch_1778596884-fb89fc5_to_1778597199-1b5f2e2.bin,135,patch
patch_1778596884-fb89fc5_to_1778597600-85a4f36.bin,151,patch
patch_1778596884-fb89fc5_to_1778956228-58832ee.bin,159,patch
patch_1778596884-fb89fc5_to_1778956756-11abbcb.bin,208,patch
patch_1778596884-fb89fc5_to_1779044467-d1296d3.bin,1004335,patch
patch_1778596884-fb89fc5_to_1779045278-caa0bcf.bin,1004335,patch
patch_1778596884-fb89fc5_to_1779131221-cde2b75.bin,1004335,patch
patch_1778596884-fb89fc5_to_1779134141-2f617b4.bin,1005948,patch
patch_1778596884-fb89fc5_to_1779206472-18c6664.bin,1004335,patch
patch_1778596884-fb89fc5_to_1779207123-9c0e83f.bin,1004335,patch
patch_1778596884-fb89fc5_to_1779207526-6ce4cf4.bin,1004335,patch
patch_1778596884-fb89fc5_to_1781211008-db89edf.bin,981032,patch
patch_1778596884-fb89fc5_to_1781212470-0c71f9c.bin,981032,patch
patch_1778596884-fb89fc5_to_1781265883-f454d0e.bin,981032,patch
patch_1778596884-fb89fc5_to_1781288450-416717a.bin,981032,patch
patch_1778596884-fb89fc5_to_1781290194-befbc39.bin,984091,patch
patch_1778596884-fb89fc5_to_1781290871-c2757b5.bin,984172,patch
patch_1778596884-fb89fc5_to_1781291884-aca20c7.bin,984091,patch
patch_1778596884-fb89fc5_to_1781291927-6a58e0c.bin,984172,patch
patch_1778596884-fb89fc5_to_1781293420-ffc0f69.bin,984091,patch
patch_1778596884-fb89fc5_to_1781344787-e81a282.bin,984178,patch
patch_1778596884-fb89fc5_to_1781344965-c79d464.bin,984262,patch
patch_1778596884-fb89fc5_to_1781483080-e6209cd.bin,985061,patch
patch_1778596884-fb89fc5_to_1781505981-e6209cd.bin,985061,patch
patch_1778597199-1b5f2e2_to_1778597600-85a4f36.bin,134,patch
patch_1778597199-1b5f2e2_to_1778956228-58832ee.bin,146,patch
patch_1778597199-1b5f2e2_to_1778956756-11abbcb.bin,207,patch
patch_1778597199-1b5f2e2_to_1779044467-d1296d3.bin,1004335,patch
patch_1778597199-1b5f2e2_to_1779045278-caa0bcf.bin,1004335,patch
patch_1778597199-1b5f2e2_to_1779131221-cde2b75.bin,1004335,patch
patch_1778597199-1b5f2e2_to_1779134141-2f617b4.bin,1005948,patch
patch_1778597199-1b5f2e2_to_1779206472-18c6664.bin,1004335,patch
patch_1778597199-1b5f2e2_to_1779207123-9c0e83f.bin,1004335,patch
patch_1778597199-1b5f2e2_to_1779207526-6ce4cf4.bin,1004335,patch
patch_1778597199-1b5f2e2_to_1781211008-db89edf.bin,981032,patch
patch_1778597199-1b5f2e2_to_1781212470-0c71f9c.bin,981032,patch
patch_1778597199-1b5f2e2_to_1781265883-f454d0e.bin,981032,patch
patch_1778597199-1b5f2e2_to_1781288450-416717a.bin,981032,patch
patch_1778597199-1b5f2e2_to_1781290194-befbc39.bin,984091,patch
patch_1778597199-1b5f2e2_to_1781290871-c2757b5.bin,984172,patch
patch_1778597199-1b5f2e2_to_1781291884-aca20c7.bin,984091,patch
patch_1778597199-1b5f2e2_to_1781291927-6a58e0c.bin,984172,patch
patch_1778597199-1b5f2e2_to_1781293420-ffc0f69.bin,984091,patch
patch_1778597199-1b5f2e2_to_1781344787-e81a282.bin,984178,patch
patch_1778597199-1b5f2e2_to_1781344965-c79d464.bin,984262,patch
patch_1778597199-1b5f2e2_to_1781483080-e6209cd.bin,985061,patch
patch_1778597199-1b5f2e2_to_1781505981-e6209cd.bin,985061,patch
patch_1778597600-85a4f36_to_1778956228-58832ee.bin,140,patch
patch_1778597600-85a4f36_to_1778956756-11abbcb.bin,206,patch
patch_1778597600-85a4f36_to_1779044467-d1296d3.bin,1004335,patch
patch_1778597600-85a4f36_to_1779045278-caa0bcf.bin,1004335,patch
patch_1778597600-85a4f36_to_1779131221-cde2b75.bin,1004335,patch
patch_1778597600-85a4f36_to_1779134141-2f617b4.bin,1005948,patch
patch_1778597600-85a4f36_to_1779206472-18c6664.bin,1004335,patch
patch_1778597600-85a4f36_to_1779207123-9c0e83f.bin,1004335,patch
patch_1778597600-85a4f36_to_1779207526-6ce4cf4.bin,1004335,patch
patch_1778597600-85a4f36_to_1781211008-db89edf.bin,981032,patch
patch_1778597600-85a4f36_to_1781212470-0c71f9c.bin,981032,patch
patch_1778597600-85a4f36_to_1781265883-f454d0e.bin,981032,patch
patch_1778597600-85a4f36_to_1781288450-416717a.bin,981032,patch
patch_1778597600-85a4f36_to_1781290194-befbc39.bin,984091,patch
patch_1778597600-85a4f36_to_1781290871-c2757b5.bin,984172,patch
patch_1778597600-85a4f36_to_1781291884-aca20c7.bin,984091,patch
patch_1778597600-85a4f36_to_1781291927-6a58e0c.bin,984172,patch
patch_1778597600-85a4f36_to_1781293420-ffc0f69.bin,984091,patch
patch_1778597600-85a4f36_to_1781344787-e81a282.bin,984178,patch
patch_1778597600-85a4f36_to_1781344965-c79d464.bin,984262,patch
patch_1778597600-85a4f36_to_1781483080-e6209cd.bin,985061,patch
patch_1778597600-85a4f36_to_1781505981-e6209cd.bin,985061,patch
patch_1778956228-58832ee_to_1778956756-11abbcb.bin,195,patch
patch_1778956228-58832ee_to_1779044467-d1296d3.bin,1004335,patch
patch_1778956228-58832ee_to_1779045278-caa0bcf.bin,1004335,patch
patch_1778956228-58832ee_to_1779131221-cde2b75.bin,1004335,patch
patch_1778956228-58832ee_to_1779134141-2f617b4.bin,1005948,patch
patch_1778956228-58832ee_to_1779206472-18c6664.bin,1004335,patch
patch_1778956228-58832ee_to_1779207123-9c0e83f.bin,1004335,patch
patch_1778956228-58832ee_to_1779207526-6ce4cf4.bin,1004335,patch
patch_1778956228-58832ee_to_1781211008-db89edf.bin,981032,patch
patch_1778956228-58832ee_to_1781212470-0c71f9c.bin,981032,patch
patch_1778956228-58832ee_to_1781265883-f454d0e.bin,981032,patch
patch_1778956228-58832ee_to_1781288450-416717a.bin,981032,patch
patch_1778956228-58832ee_to_1781290194-befbc39.bin,984091,patch
patch_1778956228-58832ee_to_1781290871-c2757b5.bin,984172,patch
patch_1778956228-58832ee_to_1781291884-aca20c7.bin,984091,patch
patch_1778956228-58832ee_to_1781291927-6a58e0c.bin,984172,patch
patch_1778956228-58832ee_to_1781293420-ffc0f69.bin,984091,patch
patch_1778956228-58832ee_to_1781344787-e81a282.bin,984178,patch
patch_1778956228-58832ee_to_1781344965-c79d464.bin,984262,patch
patch_1778956228-58832ee_to_1781483080-e6209cd.bin,985061,patch
patch_1778956228-58832ee_to_1781505981-e6209cd.bin,985061,patch
patch_1778956756-11abbcb_to_1779044467-d1296d3.bin,1004335,patch
patch_1778956756-11abbcb_to_1779045278-caa0bcf.bin,1004335,patch
patch_1778956756-11abbcb_to_1779131221-cde2b75.bin,1004335,patch
patch_1778956756-11abbcb_to_1779134141-2f617b4.bin,1005948,patch
patch_1778956756-11abbcb_to_1779206472-18c6664.bin,1004335,patch
patch_1778956756-11abbcb_to_1779207123-9c0e83f.bin,1004335,patch
patch_1778956756-11abbcb_to_1779207526-6ce4cf4.bin,1004335,patch
patch_1778956756-11abbcb_to_1781211008-db89edf.bin,981032,patch
patch_1778956756-11abbcb_to_1781212470-0c71f9c.bin,981032,patch
patch_1778956756-11abbcb_to_1781265883-f454d0e.bin,981032,patch
patch_1778956756-11abbcb_to_1781288450-416717a.bin,981032,patch
patch_1778956756-11abbcb_to_1781290194-befbc39.bin,984091,patch
patch_1778956756-11abbcb_to_1781290871-c2757b5.bin,984172,patch
patch_1778956756-11abbcb_to_1781291884-aca20c7.bin,984091,patch
patch_1778956756-11abbcb_to_1781291927-6a58e0c.bin,984172,patch
patch_1778956756-11abbcb_to_1781293420-ffc0f69.bin,984091,patch
patch_1778956756-11abbcb_to_1781344787-e81a282.bin,984178,patch
patch_1778956756-11abbcb_to_1781344965-c79d464.bin,984262,patch
patch_1778956756-11abbcb_to_1781483080-e6209cd.bin,985061,patch
patch_1778956756-11abbcb_to_1781505981-e6209cd.bin,985061,patch
patch_1779044467-d1296d3_to_1779045278-caa0bcf.bin,141,patch
patch_1779044467-d1296d3_to_1779131221-cde2b75.bin,148,patch
patch_1779044467-d1296d3_to_1779134141-2f617b4.bin,98297,patch
patch_1779044467-d1296d3_to_1779206472-18c6664.bin,165,patch
patch_1779044467-d1296d3_to_1779207123-9c0e83f.bin,159,patch
patch_1779044467-d1296d3_to_1779207526-6ce4cf4.bin,151,patch
patch_1779044467-d1296d3_to_1781211008-db89edf.bin,205456,patch
patch_1779044467-d1296d3_to_1781212470-0c71f9c.bin,205455,patch
patch_1779044467-d1296d3_to_1781265883-f454d0e.bin,205455,patch
patch_1779044467-d1296d3_to_1781288450-416717a.bin,205454,patch
patch_1779044467-d1296d3_to_1781290194-befbc39.bin,209365,patch
patch_1779044467-d1296d3_to_1781290871-c2757b5.bin,210477,patch
patch_1779044467-d1296d3_to_1781291884-aca20c7.bin,209362,patch
patch_1779044467-d1296d3_to_1781291927-6a58e0c.bin,210481,patch
patch_1779044467-d1296d3_to_1781293420-ffc0f69.bin,209363,patch
patch_1779044467-d1296d3_to_1781344787-e81a282.bin,209707,patch
patch_1779044467-d1296d3_to_1781344965-c79d464.bin,210182,patch
patch_1779044467-d1296d3_to_1781483080-e6209cd.bin,211764,patch
patch_1779044467-d1296d3_to_1781505981-e6209cd.bin,211764,patch
patch_1779045278-caa0bcf_to_1779131221-cde2b75.bin,126,patch
patch_1779045278-caa0bcf_to_1779134141-2f617b4.bin,98290,patch
patch_1779045278-caa0bcf_to_1779206472-18c6664.bin,186,patch
patch_1779045278-caa0bcf_to_1779207123-9c0e83f.bin,179,patch
patch_1779045278-caa0bcf_to_1779207526-6ce4cf4.bin,154,patch
patch_1779045278-caa0bcf_to_1781211008-db89edf.bin,205454,patch
patch_1779045278-caa0bcf_to_1781212470-0c71f9c.bin,205455,patch
patch_1779045278-caa0bcf_to_1781265883-f454d0e.bin,205455,patch
patch_1779045278-caa0bcf_to_1781288450-416717a.bin,205454,patch
patch_1779045278-caa0bcf_to_1781290194-befbc39.bin,209365,patch
patch_1779045278-caa0bcf_to_1781290871-c2757b5.bin,210481,patch
patch_1779045278-caa0bcf_to_1781291884-aca20c7.bin,209361,patch
patch_1779045278-caa0bcf_to_1781291927-6a58e0c.bin,210480,patch
patch_1779045278-caa0bcf_to_1781293420-ffc0f69.bin,209363,patch
patch_1779045278-caa0bcf_to_1781344787-e81a282.bin,209708,patch
patch_1779045278-caa0bcf_to_1781344965-c79d464.bin,210182,patch
patch_1779045278-caa0bcf_to_1781483080-e6209cd.bin,211764,patch
patch_1779045278-caa0bcf_to_1781505981-e6209cd.bin,211764,patch
patch_1779131221-cde2b75_to_1779134141-2f617b4.bin,98282,patch
patch_1779131221-cde2b75_to_1779206472-18c6664.bin,186,patch
patch_1779131221-cde2b75_to_1779207123-9c0e83f.bin,180,patch
patch_1779131221-cde2b75_to_1779207526-6ce4cf4.bin,153,patch
patch_1779131221-cde2b75_to_1781211008-db89edf.bin,205456,patch
patch_1779131221-cde2b75_to_1781212470-0c71f9c.bin,205455,patch
patch_1779131221-cde2b75_to_1781265883-f454d0e.bin,205455,patch
patch_1779131221-cde2b75_to_1781288450-416717a.bin,205453,patch
patch_1779131221-cde2b75_to_1781290194-befbc39.bin,209365,patch
patch_1779131221-cde2b75_to_1781290871-c2757b5.bin,210479,patch
patch_1779131221-cde2b75_to_1781291884-aca20c7.bin,209362,patch
patch_1779131221-cde2b75_to_1781291927-6a58e0c.bin,210481,patch
patch_1779131221-cde2b75_to_1781293420-ffc0f69.bin,209363,patch
patch_1779131221-cde2b75_to_1781344787-e81a282.bin,209708,patch
patch_1779131221-cde2b75_to_1781344965-c79d464.bin,210181,patch
patch_1779131221-cde2b75_to_1781483080-e6209cd.bin,211764,patch
patch_1779131221-cde2b75_to_1781505981-e6209cd.bin,211764,patch
patch_1779134141-2f617b4_to_1779206472-18c6664.bin,96706,patch
patch_1779134141-2f617b4_to_1779207123-9c0e83f.bin,96707,patch
patch_1779134141-2f617b4_to_1779207526-6ce4cf4.bin,96687,patch
patch_1779134141-2f617b4_to_1781211008-db89edf.bin,207420,patch
patch_1779134141-2f617b4_to_1781212470-0c71f9c.bin,207423,patch
patch_1779134141-2f617b4_to_1781265883-f454d0e.bin,207419,patch
patch_1779134141-2f617b4_to_1781288450-416717a.bin,207422,patch
patch_1779134141-2f617b4_to_1781290194-befbc39.bin,211712,patch
patch_1779134141-2f617b4_to_1781290871-c2757b5.bin,211839,patch
patch_1779134141-2f617b4_to_1781291884-aca20c7.bin,211713,patch
patch_1779134141-2f617b4_to_1781291927-6a58e0c.bin,211836,patch
patch_1779134141-2f617b4_to_1781293420-ffc0f69.bin,211710,patch
patch_1779134141-2f617b4_to_1781344787-e81a282.bin,211734,patch
patch_1779134141-2f617b4_to_1781344965-c79d464.bin,211969,patch
patch_1779134141-2f617b4_to_1781483080-e6209cd.bin,213517,patch
patch_1779134141-2f617b4_to_1781505981-e6209cd.bin,213517,patch
patch_1779206472-18c6664_to_1779207123-9c0e83f.bin,126,patch
patch_1779206472-18c6664_to_1779207526-6ce4cf4.bin,151,patch
patch_1779206472-18c6664_to_1781211008-db89edf.bin,205456,patch
patch_1779206472-18c6664_to_1781212470-0c71f9c.bin,205454,patch
patch_1779206472-18c6664_to_1781265883-f454d0e.bin,205455,patch
patch_1779206472-18c6664_to_1781288450-416717a.bin,205454,patch
patch_1779206472-18c6664_to_1781290194-befbc39.bin,209365,patch
patch_1779206472-18c6664_to_1781290871-c2757b5.bin,210483,patch
patch_1779206472-18c6664_to_1781291884-aca20c7.bin,209364,patch
patch_1779206472-18c6664_to_1781291927-6a58e0c.bin,210483,patch
patch_1779206472-18c6664_to_1781293420-ffc0f69.bin,209365,patch
patch_1779206472-18c6664_to_1781344787-e81a282.bin,209708,patch
patch_1779206472-18c6664_to_1781344965-c79d464.bin,210180,patch
patch_1779206472-18c6664_to_1781483080-e6209cd.bin,211764,patch
patch_1779206472-18c6664_to_1781505981-e6209cd.bin,211764,patch
patch_1779207123-9c0e83f_to_1779207526-6ce4cf4.bin,144,patch
patch_1779207123-9c0e83f_to_1781211008-db89edf.bin,205455,patch
patch_1779207123-9c0e83f_to_1781212470-0c71f9c.bin,205455,patch
patch_1779207123-9c0e83f_to_1781265883-f454d0e.bin,205455,patch
patch_1779207123-9c0e83f_to_1781288450-416717a.bin,205454,patch
patch_1779207123-9c0e83f_to_1781290194-befbc39.bin,209365,patch
patch_1779207123-9c0e83f_to_1781290871-c2757b5.bin,210483,patch
patch_1779207123-9c0e83f_to_1781291884-aca20c7.bin,209364,patch
patch_1779207123-9c0e83f_to_1781291927-6a58e0c.bin,210483,patch
patch_1779207123-9c0e83f_to_1781293420-ffc0f69.bin,209365,patch
patch_1779207123-9c0e83f_to_1781344787-e81a282.bin,209708,patch
patch_1779207123-9c0e83f_to_1781344965-c79d464.bin,210182,patch
patch_1779207123-9c0e83f_to_1781483080-e6209cd.bin,211764,patch
patch_1779207123-9c0e83f_to_1781505981-e6209cd.bin,211764,patch
patch_1779207526-6ce4cf4_to_1781211008-db89edf.bin,205456,patch
patch_1779207526-6ce4cf4_to_1781212470-0c71f9c.bin,205455,patch
patch_1779207526-6ce4cf4_to_1781265883-f454d0e.bin,205455,patch
patch_1779207526-6ce4cf4_to_1781288450-416717a.bin,205453,patch
patch_1779207526-6ce4cf4_to_1781290194-befbc39.bin,209365,patch
patch_1779207526-6ce4cf4_to_1781290871-c2757b5.bin,210483,patch
patch_1779207526-6ce4cf4_to_1781291884-aca20c7.bin,209364,patch
patch_1779207526-6ce4cf4_to_1781291927-6a58e0c.bin,210483,patch
patch_1779207526-6ce4cf4_to_1781293420-ffc0f69.bin,209365,patch
patch_1779207526-6ce4cf4_to_1781344787-e81a282.bin,209708,patch
patch_1779207526-6ce4cf4_to_1781344965-c79d464.bin,210178,patch
patch_1779207526-6ce4cf4_to_1781483080-e6209cd.bin,211764,patch
patch_1779207526-6ce4cf4_to_1781505981-e6209cd.bin,211764,patch
patch_1781211008-db89edf_to_1781212470-0c71f9c.bin,120,patch
patch_1781211008-db89edf_to_1781265883-f454d0e.bin,128,patch
patch_1781211008-db89edf_to_1781288450-416717a.bin,128,patch
patch_1781211008-db89edf_to_1781290194-befbc39.bin,150545,patch
patch_1781211008-db89edf_to_1781290871-c2757b5.bin,151348,patch
patch_1781211008-db89edf_to_1781291884-aca20c7.bin,150545,patch
patch_1781211008-db89edf_to_1781291927-6a58e0c.bin,151348,patch
patch_1781211008-db89edf_to_1781293420-ffc0f69.bin,150545,patch
patch_1781211008-db89edf_to_1781344787-e81a282.bin,150616,patch
patch_1781211008-db89edf_to_1781344965-c79d464.bin,151414,patch
patch_1781211008-db89edf_to_1781483080-e6209cd.bin,162277,patch
patch_1781211008-db89edf_to_1781505981-e6209cd.bin,162277,patch
patch_1781212470-0c71f9c_to_1781265883-f454d0e.bin,128,patch
patch_1781212470-0c71f9c_to_1781288450-416717a.bin,128,patch
patch_1781212470-0c71f9c_to_1781290194-befbc39.bin,150545,patch
patch_1781212470-0c71f9c_to_1781290871-c2757b5.bin,151348,patch
patch_1781212470-0c71f9c_to_1781291884-aca20c7.bin,150545,patch
patch_1781212470-0c71f9c_to_1781291927-6a58e0c.bin,151347,patch
patch_1781212470-0c71f9c_to_1781293420-ffc0f69.bin,150545,patch
patch_1781212470-0c71f9c_to_1781344787-e81a282.bin,150616,patch
patch_1781212470-0c71f9c_to_1781344965-c79d464.bin,151414,patch
patch_1781212470-0c71f9c_to_1781483080-e6209cd.bin,162277,patch
patch_1781212470-0c71f9c_to_1781505981-e6209cd.bin,162277,patch
patch_1781265883-f454d0e_to_1781288450-416717a.bin,121,patch
patch_1781265883-f454d0e_to_1781290194-befbc39.bin,150538,patch
patch_1781265883-f454d0e_to_1781290871-c2757b5.bin,151340,patch
patch_1781265883-f454d0e_to_1781291884-aca20c7.bin,150538,patch
patch_1781265883-f454d0e_to_1781291927-6a58e0c.bin,151341,patch
patch_1781265883-f454d0e_to_1781293420-ffc0f69.bin,150535,patch
patch_1781265883-f454d0e_to_1781344787-e81a282.bin,150615,patch
patch_1781265883-f454d0e_to_1781344965-c79d464.bin,151413,patch
patch_1781265883-f454d0e_to_1781483080-e6209cd.bin,162276,patch
patch_1781265883-f454d0e_to_1781505981-e6209cd.bin,162276,patch
patch_1781288450-416717a_to_1781290194-befbc39.bin,150536,patch
patch_1781288450-416717a_to_1781290871-c2757b5.bin,151341,patch
patch_1781288450-416717a_to_1781291884-aca20c7.bin,150538,patch
patch_1781288450-416717a_to_1781291927-6a58e0c.bin,151341,patch
patch_1781288450-416717a_to_1781293420-ffc0f69.bin,150538,patch
patch_1781288450-416717a_to_1781344787-e81a282.bin,150615,patch
patch_1781288450-416717a_to_1781344965-c79d464.bin,151412,patch
patch_1781288450-416717a_to_1781483080-e6209cd.bin,162277,patch
patch_1781288450-416717a_to_1781505981-e6209cd.bin,162277,patch
patch_1781290194-befbc39_to_1781290871-c2757b5.bin,69188,patch
patch_1781290194-befbc39_to_1781291884-aca20c7.bin,129,patch
patch_1781290194-befbc39_to_1781291927-6a58e0c.bin,69189,patch
patch_1781290194-befbc39_to_1781293420-ffc0f69.bin,128,patch
patch_1781290194-befbc39_to_1781344787-e81a282.bin,40378,patch
patch_1781290194-befbc39_to_1781344965-c79d464.bin,69441,patch
patch_1781290194-befbc39_to_1781483080-e6209cd.bin,94392,patch
patch_1781290194-befbc39_to_1781505981-e6209cd.bin,94392,patch
patch_1781290871-c2757b5_to_1781291884-aca20c7.bin,69126,patch
patch_1781290871-c2757b5_to_1781291927-6a58e0c.bin,126,patch
patch_1781290871-c2757b5_to_1781293420-ffc0f69.bin,69122,patch
patch_1781290871-c2757b5_to_1781344787-e81a282.bin,69033,patch
patch_1781290871-c2757b5_to_1781344965-c79d464.bin,40419,patch
patch_1781290871-c2757b5_to_1781483080-e6209cd.bin,94485,patch
patch_1781290871-c2757b5_to_1781505981-e6209cd.bin,94485,patch
patch_1781291884-aca20c7_to_1781293420-ffc0f69.bin,118,patch
patch_1781291884-aca20c7_to_1781344787-e81a282.bin,40378,patch
patch_1781291884-aca20c7_to_1781344965-c79d464.bin,69441,patch
patch_1781291884-aca20c7_to_1781483080-e6209cd.bin,94392,patch
patch_1781291884-aca20c7_to_1781505981-e6209cd.bin,94392,patch
patch_1781291927-6a58e0c_to_1781293420-ffc0f69.bin,69123,patch
patch_1781291927-6a58e0c_to_1781344787-e81a282.bin,69033,patch
patch_1781291927-6a58e0c_to_1781344965-c79d464.bin,40419,patch
patch_1781291927-6a58e0c_to_1781483080-e6209cd.bin,94486,patch
patch_1781291927-6a58e0c_to_1781505981-e6209cd.bin,94486,patch
patch_1781293420-ffc0f69_to_1781291927-6a58e0c.bin,69187,patch
patch_1781293420-ffc0f69_to_1781344787-e81a282.bin,40378,patch
patch_1781293420-ffc0f69_to_1781344965-c79d464.bin,69441,patch
patch_1781293420-ffc0f69_to_1781483080-e6209cd.bin,94391,patch
patch_1781293420-ffc0f69_to_1781505981-e6209cd.bin,94391,patch
patch_1781344787-e81a282_to_1781344965-c79d464.bin,69213,patch
patch_1781344787-e81a282_to_1781483080-e6209cd.bin,93904,patch
patch_1781344787-e81a282_to_1781505981-e6209cd.bin,93904,patch
patch_1781344965-c79d464_to_1781483080-e6209cd.bin,94456,patch
patch_1781344965-c79d464_to_1781505981-e6209cd.bin,94456,patch
patch_1781483080-e6209cd_to_1781505981-e6209cd.bin,113,patch
patch_s2-base-full_to_1781483080-e6209cd.bin,466283,patch
patch_s2-base-full_to_1781505981-e6209cd.bin,466283,patch
patch_s2-base_to_1781483080-e6209cd.bin,466287,patch
patch_s2-base_to_1781505981-e6209cd.bin,466288,patch
patch_s2-base_to_s2-mj3.bin,115568,patch
patch_s2-base_to_s2-mn1.bin,65139,patch
patch_s2-base_to_s2-nu2.bin,113,patch
patch_s2-mj3_to_1781483080-e6209cd.bin,466533,patch
patch_s2-mj3_to_1781505981-e6209cd.bin,466533,patch
patch_s2-mj3_to_s2-base.bin,114627,patch
patch_s2-mn1-full_to_1781483080-e6209cd.bin,466219,patch
patch_s2-mn1-full_to_1781505981-e6209cd.bin,466217,patch
patch_s2-mn1_to_1781483080-e6209cd.bin,466344,patch
patch_s2-mn1_to_1781505981-e6209cd.bin,466342,patch
patch_s2-mn1_to_s2-base.bin,65081,patch
patch_s2-nu2_to_1781483080-e6209cd.bin,466294,patch
patch_s2-nu2_to_1781505981-e6209cd.bin,466293,patch
patch_s2-nu2_to_s2-base.bin,113,patch
patch_s3-base-full_to_1781483080-e6209cd.bin,466028,patch
patch_s3-base-full_to_1781505981-e6209cd.bin,466028,patch
patch_s3-base-full_to_s3-mn1-full.bin,65185,patch
patch_s3-base_to_1781483080-e6209cd.bin,465664,patch
patch_s3-base_to_1781505981-e6209cd.bin,465664,patch
patch_s3-base_to_s3-mn1.bin,65444,patch
patch_s3-base_to_s3-nu2.bin,107,patch
patch_s3-mn1-full_to_1781483080-e6209cd.bin,465697,patch
patch_s3-mn1-full_to_1781505981-e6209cd.bin,465697,patch
patch_s3-mn1-full_to_s3-base-full.bin,65127,patch
patch_s3-mn1_to_1781483080-e6209cd.bin,465360,patch
patch_s3-mn1_to_1781505981-e6209cd.bin,465360,patch
patch_s3-mn1_to_s3-base.bin,65384,patch
patch_s3-nu2_to_1781483080-e6209cd.bin,465665,patch
patch_s3-nu2_to_1781505981-e6209cd.bin,465665,patch
patch_s3-nu2_to_s3-base.bin,107,patch
