pair_old,pair_new,scenario,description,tool,tool_version,command_line,note,old_size_B,new_size_B,patch_size_B,compression_factor,reduction_pct,gen_time_s_median,gen_time_s_min,gen_time_s_max,gen_peak_mem_MB,verified,sha256_old,sha256_new,sha256_patch
base,nu-2,NU,comment added to ota.c,detools-crle,0.53.0,detools create_patch -c crle corpus/bins/base.bin corpus/bins/nu-2.bin results/stage1/patches/base_to_nu-2_detools-crle.bin,deployed config — only crle compiled into ESP32 component,952144,952144,109,8735.2661,99.99,1.0502,0.99,1.0737,28.19,True,972ae65fe1bf9defd2a16cbdb6621b28a5b7404f89ecadaed2e0f7ef3a6dbb8b,8bacddea1fa8707ae653ff25e53faa72892a08347b99a3d9e09f70af2b833351,b805ee7d7ec1dd2eb527a0741e8c2c6f9a4709d8899fee6c75b08daf4b16ead2
base,nu-2,NU,comment added to ota.c,detools-none,0.53.0,detools create_patch -c none corpus/bins/base.bin corpus/bins/nu-2.bin results/stage1/patches/base_to_nu-2_detools-none.bin,"differencing only, no compression",952144,952144,952156,1.0,-0.0,0.3567,0.328,0.3805,28.38,True,972ae65fe1bf9defd2a16cbdb6621b28a5b7404f89ecadaed2e0f7ef3a6dbb8b,8bacddea1fa8707ae653ff25e53faa72892a08347b99a3d9e09f70af2b833351,9f1adf2b6332fef3422bd6b5ba0e537fd41c83e7a33dd93746cdfe34f17ca69d
base,nu-2,NU,comment added to ota.c,detools-heatshrink,0.53.0,detools create_patch -c heatshrink corpus/bins/base.bin corpus/bins/nu-2.bin results/stage1/patches/base_to_nu-2_detools-heatshrink.bin,device-deployable candidate (one component-CMakeLists line),952144,952144,14979,63.5653,98.43,0.3275,0.3191,0.3483,28.43,True,972ae65fe1bf9defd2a16cbdb6621b28a5b7404f89ecadaed2e0f7ef3a6dbb8b,8bacddea1fa8707ae653ff25e53faa72892a08347b99a3d9e09f70af2b833351,aaeb3512ec89775851c0e101bdd51da0d7a1eb1fa01e3fa5a20dfa957212c8fa
base,nu-2,NU,comment added to ota.c,detools-lzma,0.53.0,detools create_patch -c lzma corpus/bins/base.bin corpus/bins/nu-2.bin results/stage1/patches/base_to_nu-2_detools-lzma.bin,NOT device-deployable — lzma decompressor absent from ESP32 component,952144,952144,324,2938.716,99.97,0.3679,0.3584,0.4377,46.5,True,972ae65fe1bf9defd2a16cbdb6621b28a5b7404f89ecadaed2e0f7ef3a6dbb8b,8bacddea1fa8707ae653ff25e53faa72892a08347b99a3d9e09f70af2b833351,c752895a96b31492ad28afb87fd1851b5b9af5eb4360ada2ea2dad5c9e102e37
base,nu-2,NU,comment added to ota.c,bsdiff,unknown,bsdiff corpus/bins/base.bin corpus/bins/nu-2.bin results/stage1/patches/base_to_nu-2_bsdiff.bin,classic bsdiff 4.3 (bzip2-internal),952144,952144,314,3032.3057,99.97,0.361,0.3545,0.3916,9.23,True,972ae65fe1bf9defd2a16cbdb6621b28a5b7404f89ecadaed2e0f7ef3a6dbb8b,8bacddea1fa8707ae653ff25e53faa72892a08347b99a3d9e09f70af2b833351,2cf3673785ec92187ac3b3da5b6ecff7cb81f443f9b73670abe8aeda093a0df1
base,nu-2,NU,comment added to ota.c,xdelta3-0,"Xdelta version 3.0.11, Copyright (C) 2007, 2008, 2009, 2010, 2011, 2012, 2013, 2",xdelta3 -e -0 -f -s corpus/bins/base.bin corpus/bins/nu-2.bin results/stage1/patches/base_to_nu-2_xdelta3-0.bin,"VCDIFF, no secondary compression",952144,952144,213,4470.1596,99.98,0.0135,0.0135,0.0159,13.53,True,972ae65fe1bf9defd2a16cbdb6621b28a5b7404f89ecadaed2e0f7ef3a6dbb8b,8bacddea1fa8707ae653ff25e53faa72892a08347b99a3d9e09f70af2b833351,f208c645f3818db36e9731a4150af00f43acb0e2d7fdb3064f95952c61290298
base,nu-2,NU,comment added to ota.c,xdelta3-9,"Xdelta version 3.0.11, Copyright (C) 2007, 2008, 2009, 2010, 2011, 2012, 2013, 2",xdelta3 -e -9 -f -s corpus/bins/base.bin corpus/bins/nu-2.bin results/stage1/patches/base_to_nu-2_xdelta3-9.bin,VCDIFF + max secondary (LZMA) compression,952144,952144,193,4933.3886,99.98,0.1361,0.1281,0.1547,135.57,True,972ae65fe1bf9defd2a16cbdb6621b28a5b7404f89ecadaed2e0f7ef3a6dbb8b,8bacddea1fa8707ae653ff25e53faa72892a08347b99a3d9e09f70af2b833351,c414c53161a122f3472169d00cdb65ea5f198b1134851db15440efc728bdf274
base,nu-2,NU,comment added to ota.c,full,n/a,full OTA (no delta),baseline — ships entire new binary,952144,952144,952144,1.0,0.0,0,0,0,0,True,972ae65fe1bf9defd2a16cbdb6621b28a5b7404f89ecadaed2e0f7ef3a6dbb8b,8bacddea1fa8707ae653ff25e53faa72892a08347b99a3d9e09f70af2b833351,8bacddea1fa8707ae653ff25e53faa72892a08347b99a3d9e09f70af2b833351
base,nu-2,NU,comment added to ota.c,full_gz,gzip-9,gzip -9 <new_binary>,trivial alternative — gzip of full image,952144,952144,609678,1.5617,35.97,0,0,0,0,True,972ae65fe1bf9defd2a16cbdb6621b28a5b7404f89ecadaed2e0f7ef3a6dbb8b,8bacddea1fa8707ae653ff25e53faa72892a08347b99a3d9e09f70af2b833351,11155cf27463b268aeae65ed0ba848502ec953897382033addbf8f2eb6dc6e0d
base,nu-3,NU,OTA success log string changed,detools-crle,0.53.0,detools create_patch -c crle corpus/bins/base.bin corpus/bins/nu-3.bin results/stage1/patches/base_to_nu-3_detools-crle.bin,deployed config — only crle compiled into ESP32 component,952144,952144,9511,100.1098,99.0,1.2957,1.1718,1.3788,27.91,True,972ae65fe1bf9defd2a16cbdb6621b28a5b7404f89ecadaed2e0f7ef3a6dbb8b,613502b745de3a1dbaa9d12444a112906a117d8423ebf0c033480d5c540f07de,aea75e6d564d4eb527624b06589fab2762e2bdec071cf287e4b3b6b470efc2f9
base,nu-3,NU,OTA success log string changed,detools-none,0.53.0,detools create_patch -c none corpus/bins/base.bin corpus/bins/nu-3.bin results/stage1/patches/base_to_nu-3_detools-none.bin,"differencing only, no compression",952144,952144,952186,1.0,-0.0,0.3751,0.3492,0.4703,27.95,True,972ae65fe1bf9defd2a16cbdb6621b28a5b7404f89ecadaed2e0f7ef3a6dbb8b,613502b745de3a1dbaa9d12444a112906a117d8423ebf0c033480d5c540f07de,0bdee430186c29a9473529935033a1febe88208d4e7f264add0204a859764ddf
base,nu-3,NU,OTA success log string changed,detools-heatshrink,0.53.0,detools create_patch -c heatshrink corpus/bins/base.bin corpus/bins/nu-3.bin results/stage1/patches/base_to_nu-3_detools-heatshrink.bin,device-deployable candidate (one component-CMakeLists line),952144,952144,15972,59.6133,98.32,0.3912,0.3791,0.4079,28.43,True,972ae65fe1bf9defd2a16cbdb6621b28a5b7404f89ecadaed2e0f7ef3a6dbb8b,613502b745de3a1dbaa9d12444a112906a117d8423ebf0c033480d5c540f07de,c4cb023d54f70941c5543e30d3a0bcb71f70f1b5b0074516edbb91057f663b57
base,nu-3,NU,OTA success log string changed,detools-lzma,0.53.0,detools create_patch -c lzma corpus/bins/base.bin corpus/bins/nu-3.bin results/stage1/patches/base_to_nu-3_detools-lzma.bin,NOT device-deployable — lzma decompressor absent from ESP32 component,952144,952144,1453,655.2953,99.85,0.4472,0.4347,0.5111,46.55,True,972ae65fe1bf9defd2a16cbdb6621b28a5b7404f89ecadaed2e0f7ef3a6dbb8b,613502b745de3a1dbaa9d12444a112906a117d8423ebf0c033480d5c540f07de,ccaad9a85e22e21071aae53a71a2b72a144b96dd6b1ef43783bc356182963ea1
base,nu-3,NU,OTA success log string changed,bsdiff,unknown,bsdiff corpus/bins/base.bin corpus/bins/nu-3.bin results/stage1/patches/base_to_nu-3_bsdiff.bin,classic bsdiff 4.3 (bzip2-internal),952144,952144,1300,732.4185,99.86,0.3865,0.3773,0.3927,9.44,True,972ae65fe1bf9defd2a16cbdb6621b28a5b7404f89ecadaed2e0f7ef3a6dbb8b,613502b745de3a1dbaa9d12444a112906a117d8423ebf0c033480d5c540f07de,8e8727b0bcfd945ca69c97039b17fca6795f6357bd366657f663d96f9db8fc30
base,nu-3,NU,OTA success log string changed,xdelta3-0,"Xdelta version 3.0.11, Copyright (C) 2007, 2008, 2009, 2010, 2011, 2012, 2013, 2",xdelta3 -e -0 -f -s corpus/bins/base.bin corpus/bins/nu-3.bin results/stage1/patches/base_to_nu-3_xdelta3-0.bin,"VCDIFF, no secondary compression",952144,952144,6942,137.157,99.27,0.0246,0.0222,0.0266,14.81,True,972ae65fe1bf9defd2a16cbdb6621b28a5b7404f89ecadaed2e0f7ef3a6dbb8b,613502b745de3a1dbaa9d12444a112906a117d8423ebf0c033480d5c540f07de,45a2508bf27dc1c4eb810131e2c95cc6020d919fab1917ec7ca242ce0de74ae6
base,nu-3,NU,OTA success log string changed,xdelta3-9,"Xdelta version 3.0.11, Copyright (C) 2007, 2008, 2009, 2010, 2011, 2012, 2013, 2",xdelta3 -e -9 -f -s corpus/bins/base.bin corpus/bins/nu-3.bin results/stage1/patches/base_to_nu-3_xdelta3-9.bin,VCDIFF + max secondary (LZMA) compression,952144,952144,6050,157.3792,99.36,0.1666,0.1526,0.1704,136.92,True,972ae65fe1bf9defd2a16cbdb6621b28a5b7404f89ecadaed2e0f7ef3a6dbb8b,613502b745de3a1dbaa9d12444a112906a117d8423ebf0c033480d5c540f07de,47dd0e018811bc96d5767a0d156029f62ea249eb82888fd9ca5fe1a1fe235f16
base,nu-3,NU,OTA success log string changed,full,n/a,full OTA (no delta),baseline — ships entire new binary,952144,952144,952144,1.0,0.0,0,0,0,0,True,972ae65fe1bf9defd2a16cbdb6621b28a5b7404f89ecadaed2e0f7ef3a6dbb8b,613502b745de3a1dbaa9d12444a112906a117d8423ebf0c033480d5c540f07de,613502b745de3a1dbaa9d12444a112906a117d8423ebf0c033480d5c540f07de
base,nu-3,NU,OTA success log string changed,full_gz,gzip-9,gzip -9 <new_binary>,trivial alternative — gzip of full image,952144,952144,609685,1.5617,35.97,0,0,0,0,True,972ae65fe1bf9defd2a16cbdb6621b28a5b7404f89ecadaed2e0f7ef3a6dbb8b,613502b745de3a1dbaa9d12444a112906a117d8423ebf0c033480d5c540f07de,3bcd7cf92ddfa220f1fd3bdd437abc011ab7c7dc8d9a245b3d9177bb3179223d
base,mn-1,MN,static attempt counter + 3 s reboot delay,detools-crle,0.53.0,detools create_patch -c crle corpus/bins/base.bin corpus/bins/mn-1.bin results/stage1/patches/base_to_mn-1_detools-crle.bin,deployed config — only crle compiled into ESP32 component,952144,952224,71932,13.2378,92.45,1.9888,1.8205,2.365,27.52,True,972ae65fe1bf9defd2a16cbdb6621b28a5b7404f89ecadaed2e0f7ef3a6dbb8b,28a7572f465984e2b96dc44b758847bf7d75012d884aff12807f6b04e8477bea,ff7f2a6c23172c9afc9fb6ffdb3df48913bba0b3653c581e6c99632ecd91f2e7
base,mn-1,MN,static attempt counter + 3 s reboot delay,detools-none,0.53.0,detools create_patch -c none corpus/bins/base.bin corpus/bins/mn-1.bin results/stage1/patches/base_to_mn-1_detools-none.bin,"differencing only, no compression",952144,952224,952313,0.9999,-0.01,0.3571,0.3427,0.3631,27.59,True,972ae65fe1bf9defd2a16cbdb6621b28a5b7404f89ecadaed2e0f7ef3a6dbb8b,28a7572f465984e2b96dc44b758847bf7d75012d884aff12807f6b04e8477bea,01c4569e068dbf770b0ea45a36a50d8bb6864519877a98b9ce0ec3ff29da131a
base,mn-1,MN,static attempt counter + 3 s reboot delay,detools-heatshrink,0.53.0,detools create_patch -c heatshrink corpus/bins/base.bin corpus/bins/mn-1.bin results/stage1/patches/base_to_mn-1_detools-heatshrink.bin,device-deployable candidate (one component-CMakeLists line),952144,952224,30255,31.4733,96.82,0.4114,0.3851,0.4793,27.8,True,972ae65fe1bf9defd2a16cbdb6621b28a5b7404f89ecadaed2e0f7ef3a6dbb8b,28a7572f465984e2b96dc44b758847bf7d75012d884aff12807f6b04e8477bea,f16fb74d6cd0fd7a01f33e5637c02f050afbfb7fcaf82e0d45de717086669023
base,mn-1,MN,static attempt counter + 3 s reboot delay,detools-lzma,0.53.0,detools create_patch -c lzma corpus/bins/base.bin corpus/bins/mn-1.bin results/stage1/patches/base_to_mn-1_detools-lzma.bin,NOT device-deployable — lzma decompressor absent from ESP32 component,952144,952224,15155,62.8323,98.41,0.5974,0.5901,0.6321,46.65,True,972ae65fe1bf9defd2a16cbdb6621b28a5b7404f89ecadaed2e0f7ef3a6dbb8b,28a7572f465984e2b96dc44b758847bf7d75012d884aff12807f6b04e8477bea,20b6c55d62e4b4ea9cf4c845c5f8184539d1d3112a690c90b8296eb57c6dac08
base,mn-1,MN,static attempt counter + 3 s reboot delay,bsdiff,unknown,bsdiff corpus/bins/base.bin corpus/bins/mn-1.bin results/stage1/patches/base_to_mn-1_bsdiff.bin,classic bsdiff 4.3 (bzip2-internal),952144,952224,13824,68.8819,98.55,0.4313,0.4287,0.4606,9.2,True,972ae65fe1bf9defd2a16cbdb6621b28a5b7404f89ecadaed2e0f7ef3a6dbb8b,28a7572f465984e2b96dc44b758847bf7d75012d884aff12807f6b04e8477bea,1a3381401c9349d9ec349fbabce075b6289831cda512ba45d4816286f9916375
base,mn-1,MN,static attempt counter + 3 s reboot delay,xdelta3-0,"Xdelta version 3.0.11, Copyright (C) 2007, 2008, 2009, 2010, 2011, 2012, 2013, 2",xdelta3 -e -0 -f -s corpus/bins/base.bin corpus/bins/mn-1.bin results/stage1/patches/base_to_mn-1_xdelta3-0.bin,"VCDIFF, no secondary compression",952144,952224,64728,14.7112,93.2,0.0476,0.0441,0.0539,15.42,True,972ae65fe1bf9defd2a16cbdb6621b28a5b7404f89ecadaed2e0f7ef3a6dbb8b,28a7572f465984e2b96dc44b758847bf7d75012d884aff12807f6b04e8477bea,eac591f139a6d6abab88008b9a69282d428870a2b0e984782b00992937b9fd19
base,mn-1,MN,static attempt counter + 3 s reboot delay,xdelta3-9,"Xdelta version 3.0.11, Copyright (C) 2007, 2008, 2009, 2010, 2011, 2012, 2013, 2",xdelta3 -e -9 -f -s corpus/bins/base.bin corpus/bins/mn-1.bin results/stage1/patches/base_to_mn-1_xdelta3-9.bin,VCDIFF + max secondary (LZMA) compression,952144,952224,49032,19.4205,94.85,0.1951,0.1918,0.2474,138.17,True,972ae65fe1bf9defd2a16cbdb6621b28a5b7404f89ecadaed2e0f7ef3a6dbb8b,28a7572f465984e2b96dc44b758847bf7d75012d884aff12807f6b04e8477bea,188686298938b5e480e616d67a3da90e79e6172298f5f63621045554588b1f85
base,mn-1,MN,static attempt counter + 3 s reboot delay,full,n/a,full OTA (no delta),baseline — ships entire new binary,952144,952224,952224,1.0,0.0,0,0,0,0,True,972ae65fe1bf9defd2a16cbdb6621b28a5b7404f89ecadaed2e0f7ef3a6dbb8b,28a7572f465984e2b96dc44b758847bf7d75012d884aff12807f6b04e8477bea,28a7572f465984e2b96dc44b758847bf7d75012d884aff12807f6b04e8477bea
base,mn-1,MN,static attempt counter + 3 s reboot delay,full_gz,gzip-9,gzip -9 <new_binary>,trivial alternative — gzip of full image,952144,952224,609723,1.5617,35.97,0,0,0,0,True,972ae65fe1bf9defd2a16cbdb6621b28a5b7404f89ecadaed2e0f7ef3a6dbb8b,28a7572f465984e2b96dc44b758847bf7d75012d884aff12807f6b04e8477bea,69ed921d53555f6a3ea9a249f50d757d3d4dec4cc240740cd0bb2b954b9b26e4
base,mn-2,MN,ota_check_heap_guard() function added,detools-crle,0.53.0,detools create_patch -c crle corpus/bins/base.bin corpus/bins/mn-2.bin results/stage1/patches/base_to_mn-2_detools-crle.bin,deployed config — only crle compiled into ESP32 component,952144,952528,73962,12.8786,92.24,1.8684,1.8257,1.9719,27.65,True,972ae65fe1bf9defd2a16cbdb6621b28a5b7404f89ecadaed2e0f7ef3a6dbb8b,9380a4c6c32bc6d51f868fea41c5487044b1ac94472ffc3c74963e4182b1ee6f,97e028d85f56c351f7dd9f1a7965e3967c66f0ff0c8a921c3866a8e13694ff6d
base,mn-2,MN,ota_check_heap_guard() function added,detools-none,0.53.0,detools create_patch -c none corpus/bins/base.bin corpus/bins/mn-2.bin results/stage1/patches/base_to_mn-2_detools-none.bin,"differencing only, no compression",952144,952528,952670,0.9999,-0.01,0.3569,0.356,0.3721,27.68,True,972ae65fe1bf9defd2a16cbdb6621b28a5b7404f89ecadaed2e0f7ef3a6dbb8b,9380a4c6c32bc6d51f868fea41c5487044b1ac94472ffc3c74963e4182b1ee6f,b7fee572b8d61e46e80c51868aa3b145db0eece4e856e0cf6040a3cef5da69d7
base,mn-2,MN,ota_check_heap_guard() function added,detools-heatshrink,0.53.0,detools create_patch -c heatshrink corpus/bins/base.bin corpus/bins/mn-2.bin results/stage1/patches/base_to_mn-2_detools-heatshrink.bin,device-deployable candidate (one component-CMakeLists line),952144,952528,31282,30.4497,96.72,0.4052,0.3832,0.4669,27.64,True,972ae65fe1bf9defd2a16cbdb6621b28a5b7404f89ecadaed2e0f7ef3a6dbb8b,9380a4c6c32bc6d51f868fea41c5487044b1ac94472ffc3c74963e4182b1ee6f,f63465d269654101642193839b30ce0c0c6e5a490e49ea530b8dd77af02a4687
base,mn-2,MN,ota_check_heap_guard() function added,detools-lzma,0.53.0,detools create_patch -c lzma corpus/bins/base.bin corpus/bins/mn-2.bin results/stage1/patches/base_to_mn-2_detools-lzma.bin,NOT device-deployable — lzma decompressor absent from ESP32 component,952144,952528,15937,59.7683,98.33,0.6041,0.5762,0.6254,46.47,True,972ae65fe1bf9defd2a16cbdb6621b28a5b7404f89ecadaed2e0f7ef3a6dbb8b,9380a4c6c32bc6d51f868fea41c5487044b1ac94472ffc3c74963e4182b1ee6f,5bc2ad100f4d4390deeaaaf40d3d47e0b1882c9dc5a1a4e361f224f2dd500896
base,mn-2,MN,ota_check_heap_guard() function added,bsdiff,unknown,bsdiff corpus/bins/base.bin corpus/bins/mn-2.bin results/stage1/patches/base_to_mn-2_bsdiff.bin,classic bsdiff 4.3 (bzip2-internal),952144,952528,14907,63.898,98.44,0.4555,0.4345,0.4869,9.21,True,972ae65fe1bf9defd2a16cbdb6621b28a5b7404f89ecadaed2e0f7ef3a6dbb8b,9380a4c6c32bc6d51f868fea41c5487044b1ac94472ffc3c74963e4182b1ee6f,b12a979eaa1901e27d08f5be93dc92d1d9cbb27e1efe7afbca6f872163eea864
base,mn-2,MN,ota_check_heap_guard() function added,xdelta3-0,"Xdelta version 3.0.11, Copyright (C) 2007, 2008, 2009, 2010, 2011, 2012, 2013, 2",xdelta3 -e -0 -f -s corpus/bins/base.bin corpus/bins/mn-2.bin results/stage1/patches/base_to_mn-2_xdelta3-0.bin,"VCDIFF, no secondary compression",952144,952528,65738,14.4898,93.1,0.0487,0.0485,0.0538,15.44,True,972ae65fe1bf9defd2a16cbdb6621b28a5b7404f89ecadaed2e0f7ef3a6dbb8b,9380a4c6c32bc6d51f868fea41c5487044b1ac94472ffc3c74963e4182b1ee6f,1f166f9a529321fe9a0d6a5af4f3981f7e745a16489efdfa44d6922cbee384a3
base,mn-2,MN,ota_check_heap_guard() function added,xdelta3-9,"Xdelta version 3.0.11, Copyright (C) 2007, 2008, 2009, 2010, 2011, 2012, 2013, 2",xdelta3 -e -9 -f -s corpus/bins/base.bin corpus/bins/mn-2.bin results/stage1/patches/base_to_mn-2_xdelta3-9.bin,VCDIFF + max secondary (LZMA) compression,952144,952528,50581,18.8317,94.69,0.1956,0.185,0.258,138.07,True,972ae65fe1bf9defd2a16cbdb6621b28a5b7404f89ecadaed2e0f7ef3a6dbb8b,9380a4c6c32bc6d51f868fea41c5487044b1ac94472ffc3c74963e4182b1ee6f,5ee2b2cbfcd41722f46ab63d647dd27dcee71ef008fc5e73b478ff2abd2c0909
base,mn-2,MN,ota_check_heap_guard() function added,full,n/a,full OTA (no delta),baseline — ships entire new binary,952144,952528,952528,1.0,0.0,0,0,0,0,True,972ae65fe1bf9defd2a16cbdb6621b28a5b7404f89ecadaed2e0f7ef3a6dbb8b,9380a4c6c32bc6d51f868fea41c5487044b1ac94472ffc3c74963e4182b1ee6f,9380a4c6c32bc6d51f868fea41c5487044b1ac94472ffc3c74963e4182b1ee6f
base,mn-2,MN,ota_check_heap_guard() function added,full_gz,gzip-9,gzip -9 <new_binary>,trivial alternative — gzip of full image,952144,952528,609879,1.5618,35.97,0,0,0,0,True,972ae65fe1bf9defd2a16cbdb6621b28a5b7404f89ecadaed2e0f7ef3a6dbb8b,9380a4c6c32bc6d51f868fea41c5487044b1ac94472ffc3c74963e4182b1ee6f,20ba506f77b6287fd4356f4d497279889a74618992caccb431efbb4d005bda87
base,mn-3,MN,heap_delta field in heartbeat,detools-crle,0.53.0,detools create_patch -c crle corpus/bins/base.bin corpus/bins/mn-3.bin results/stage1/patches/base_to_mn-3_detools-crle.bin,deployed config — only crle compiled into ESP32 component,952144,952176,54900,17.3438,94.23,1.6437,1.593,1.8316,27.49,True,972ae65fe1bf9defd2a16cbdb6621b28a5b7404f89ecadaed2e0f7ef3a6dbb8b,f9a9e4c8215fef8c8010cdc1f57ba941e42877f1a218de89324cfc611f289ec8,041c0b7948b43defc7ef2ea36a132eaf6d64db5b152eb9d99c01c00022ce1b9f
base,mn-3,MN,heap_delta field in heartbeat,detools-none,0.53.0,detools create_patch -c none corpus/bins/base.bin corpus/bins/mn-3.bin results/stage1/patches/base_to_mn-3_detools-none.bin,"differencing only, no compression",952144,952176,952233,0.9999,-0.01,0.3413,0.3302,0.3697,27.88,True,972ae65fe1bf9defd2a16cbdb6621b28a5b7404f89ecadaed2e0f7ef3a6dbb8b,f9a9e4c8215fef8c8010cdc1f57ba941e42877f1a218de89324cfc611f289ec8,5b06de0cbf78c81ce4f7633facb6b086c2e288dc9d0137dcd58d92ed54bc6f2f
base,mn-3,MN,heap_delta field in heartbeat,detools-heatshrink,0.53.0,detools create_patch -c heatshrink corpus/bins/base.bin corpus/bins/mn-3.bin results/stage1/patches/base_to_mn-3_detools-heatshrink.bin,device-deployable candidate (one component-CMakeLists line),952144,952176,23309,40.8501,97.55,0.3759,0.35,0.4148,27.89,True,972ae65fe1bf9defd2a16cbdb6621b28a5b7404f89ecadaed2e0f7ef3a6dbb8b,f9a9e4c8215fef8c8010cdc1f57ba941e42877f1a218de89324cfc611f289ec8,aab552ed978a2b8ad42f394da0c32c87ac3775eac55f3b6371d281e2e8731171
base,mn-3,MN,heap_delta field in heartbeat,detools-lzma,0.53.0,detools create_patch -c lzma corpus/bins/base.bin corpus/bins/mn-3.bin results/stage1/patches/base_to_mn-3_detools-lzma.bin,NOT device-deployable — lzma decompressor absent from ESP32 component,952144,952176,9662,98.5485,98.99,0.5399,0.5313,0.5969,46.38,True,972ae65fe1bf9defd2a16cbdb6621b28a5b7404f89ecadaed2e0f7ef3a6dbb8b,f9a9e4c8215fef8c8010cdc1f57ba941e42877f1a218de89324cfc611f289ec8,2fa00c943d6c1ea89715edbb9e404be5741c17aa08676257c89246890d7a9606
base,mn-3,MN,heap_delta field in heartbeat,bsdiff,unknown,bsdiff corpus/bins/base.bin corpus/bins/mn-3.bin results/stage1/patches/base_to_mn-3_bsdiff.bin,classic bsdiff 4.3 (bzip2-internal),952144,952176,8246,115.4713,99.13,0.4277,0.4193,0.4728,9.3,True,972ae65fe1bf9defd2a16cbdb6621b28a5b7404f89ecadaed2e0f7ef3a6dbb8b,f9a9e4c8215fef8c8010cdc1f57ba941e42877f1a218de89324cfc611f289ec8,92582610f16dcbc99c849076bbd55d1f4e68acf4fc52dd7eee64bf5a47927d34
base,mn-3,MN,heap_delta field in heartbeat,xdelta3-0,"Xdelta version 3.0.11, Copyright (C) 2007, 2008, 2009, 2010, 2011, 2012, 2013, 2",xdelta3 -e -0 -f -s corpus/bins/base.bin corpus/bins/mn-3.bin results/stage1/patches/base_to_mn-3_xdelta3-0.bin,"VCDIFF, no secondary compression",952144,952176,46246,20.5894,95.14,0.0414,0.0372,0.0426,15.17,True,972ae65fe1bf9defd2a16cbdb6621b28a5b7404f89ecadaed2e0f7ef3a6dbb8b,f9a9e4c8215fef8c8010cdc1f57ba941e42877f1a218de89324cfc611f289ec8,a039d7fa3c6b0a10a2ebca006f8ae194948ef697f25eafdc91233a00db35021f
base,mn-3,MN,heap_delta field in heartbeat,xdelta3-9,"Xdelta version 3.0.11, Copyright (C) 2007, 2008, 2009, 2010, 2011, 2012, 2013, 2",xdelta3 -e -9 -f -s corpus/bins/base.bin corpus/bins/mn-3.bin results/stage1/patches/base_to_mn-3_xdelta3-9.bin,VCDIFF + max secondary (LZMA) compression,952144,952176,36468,26.1099,96.17,0.1796,0.1757,0.1871,138.02,True,972ae65fe1bf9defd2a16cbdb6621b28a5b7404f89ecadaed2e0f7ef3a6dbb8b,f9a9e4c8215fef8c8010cdc1f57ba941e42877f1a218de89324cfc611f289ec8,78d254704a623bca38499f40c838ae1da3737b81580e95f23bdd00d484415855
base,mn-3,MN,heap_delta field in heartbeat,full,n/a,full OTA (no delta),baseline — ships entire new binary,952144,952176,952176,1.0,0.0,0,0,0,0,True,972ae65fe1bf9defd2a16cbdb6621b28a5b7404f89ecadaed2e0f7ef3a6dbb8b,f9a9e4c8215fef8c8010cdc1f57ba941e42877f1a218de89324cfc611f289ec8,f9a9e4c8215fef8c8010cdc1f57ba941e42877f1a218de89324cfc611f289ec8
base,mn-3,MN,heap_delta field in heartbeat,full_gz,gzip-9,gzip -9 <new_binary>,trivial alternative — gzip of full image,952144,952176,609699,1.5617,35.97,0,0,0,0,True,972ae65fe1bf9defd2a16cbdb6621b28a5b7404f89ecadaed2e0f7ef3a6dbb8b,f9a9e4c8215fef8c8010cdc1f57ba941e42877f1a218de89324cfc611f289ec8,283141512895422e9c704634b8b50b596862cbc851e0285f1015a79ec520010d
base,mj-1,MJ,CONFIG_TELEMETRY_ENABLE=y,detools-crle,0.53.0,detools create_patch -c crle corpus/bins/base.bin corpus/bins/mj-1.bin results/stage1/patches/base_to_mj-1_detools-crle.bin,deployed config — only crle compiled into ESP32 component,952144,977920,220423,4.4366,77.46,2.5433,2.5017,2.6848,27.76,True,972ae65fe1bf9defd2a16cbdb6621b28a5b7404f89ecadaed2e0f7ef3a6dbb8b,6eeca0088982f7b4a70ba359b414efb4655e5e36bfa4980ffcefa218f5801e59,70719d3d9f5c9a3c26dc21eb2630a6f0d9bfa63b2511f7f35e1177ce134d3f3a
base,mj-1,MJ,CONFIG_TELEMETRY_ENABLE=y,detools-none,0.53.0,detools create_patch -c none corpus/bins/base.bin corpus/bins/mj-1.bin results/stage1/patches/base_to_mj-1_detools-none.bin,"differencing only, no compression",952144,977920,981965,0.9959,-0.41,0.524,0.5014,0.568,27.22,True,972ae65fe1bf9defd2a16cbdb6621b28a5b7404f89ecadaed2e0f7ef3a6dbb8b,6eeca0088982f7b4a70ba359b414efb4655e5e36bfa4980ffcefa218f5801e59,c8dab3900eb07f53582296fd71bfa7fee0d1de6d38c545d2447148ee511d5cc0
base,mj-1,MJ,CONFIG_TELEMETRY_ENABLE=y,detools-heatshrink,0.53.0,detools create_patch -c heatshrink corpus/bins/base.bin corpus/bins/mj-1.bin results/stage1/patches/base_to_mj-1_detools-heatshrink.bin,device-deployable candidate (one component-CMakeLists line),952144,977920,101864,9.6003,89.58,0.5967,0.5365,0.6249,27.53,True,972ae65fe1bf9defd2a16cbdb6621b28a5b7404f89ecadaed2e0f7ef3a6dbb8b,6eeca0088982f7b4a70ba359b414efb4655e5e36bfa4980ffcefa218f5801e59,620438d323ee82a5bcf7ec708aaaed1020de3e69594354b6a052142310ed03ea
base,mj-1,MJ,CONFIG_TELEMETRY_ENABLE=y,detools-lzma,0.53.0,detools create_patch -c lzma corpus/bins/base.bin corpus/bins/mj-1.bin results/stage1/patches/base_to_mj-1_detools-lzma.bin,NOT device-deployable — lzma decompressor absent from ESP32 component,952144,977920,72866,13.4208,92.55,1.1121,1.0265,1.168,46.82,True,972ae65fe1bf9defd2a16cbdb6621b28a5b7404f89ecadaed2e0f7ef3a6dbb8b,6eeca0088982f7b4a70ba359b414efb4655e5e36bfa4980ffcefa218f5801e59,911867837bfa39fa21d01531fcf7521a59d26e6fa1b352b89dc8bf5c8838813b
base,mj-1,MJ,CONFIG_TELEMETRY_ENABLE=y,bsdiff,unknown,bsdiff corpus/bins/base.bin corpus/bins/mj-1.bin results/stage1/patches/base_to_mj-1_bsdiff.bin,classic bsdiff 4.3 (bzip2-internal),952144,977920,79027,12.3745,91.92,0.5731,0.5423,0.6126,9.5,True,972ae65fe1bf9defd2a16cbdb6621b28a5b7404f89ecadaed2e0f7ef3a6dbb8b,6eeca0088982f7b4a70ba359b414efb4655e5e36bfa4980ffcefa218f5801e59,c998a03cbab72522491d20db60dca0c61c85afd8db1cd9a18f8477f39e6046a2
base,mj-1,MJ,CONFIG_TELEMETRY_ENABLE=y,xdelta3-0,"Xdelta version 3.0.11, Copyright (C) 2007, 2008, 2009, 2010, 2011, 2012, 2013, 2",xdelta3 -e -0 -f -s corpus/bins/base.bin corpus/bins/mj-1.bin results/stage1/patches/base_to_mj-1_xdelta3-0.bin,"VCDIFF, no secondary compression",952144,977920,203219,4.8121,79.22,0.1205,0.113,0.1295,16.63,True,972ae65fe1bf9defd2a16cbdb6621b28a5b7404f89ecadaed2e0f7ef3a6dbb8b,6eeca0088982f7b4a70ba359b414efb4655e5e36bfa4980ffcefa218f5801e59,d588ae0424b99377f6cd5c565930a1236156cc203f5c780a2b1a93fa88ab8d78
base,mj-1,MJ,CONFIG_TELEMETRY_ENABLE=y,xdelta3-9,"Xdelta version 3.0.11, Copyright (C) 2007, 2008, 2009, 2010, 2011, 2012, 2013, 2",xdelta3 -e -9 -f -s corpus/bins/base.bin corpus/bins/mj-1.bin results/stage1/patches/base_to_mj-1_xdelta3-9.bin,VCDIFF + max secondary (LZMA) compression,952144,977920,152149,6.4274,84.44,0.3481,0.3356,0.3696,139.07,True,972ae65fe1bf9defd2a16cbdb6621b28a5b7404f89ecadaed2e0f7ef3a6dbb8b,6eeca0088982f7b4a70ba359b414efb4655e5e36bfa4980ffcefa218f5801e59,1365d597b56b9feeebcd481bb219fade7558f2d8be96d778c4a31ce3ee343c8e
base,mj-1,MJ,CONFIG_TELEMETRY_ENABLE=y,full,n/a,full OTA (no delta),baseline — ships entire new binary,952144,977920,977920,1.0,0.0,0,0,0,0,True,972ae65fe1bf9defd2a16cbdb6621b28a5b7404f89ecadaed2e0f7ef3a6dbb8b,6eeca0088982f7b4a70ba359b414efb4655e5e36bfa4980ffcefa218f5801e59,6eeca0088982f7b4a70ba359b414efb4655e5e36bfa4980ffcefa218f5801e59
base,mj-1,MJ,CONFIG_TELEMETRY_ENABLE=y,full_gz,gzip-9,gzip -9 <new_binary>,trivial alternative — gzip of full image,952144,977920,624280,1.5665,36.16,0,0,0,0,True,972ae65fe1bf9defd2a16cbdb6621b28a5b7404f89ecadaed2e0f7ef3a6dbb8b,6eeca0088982f7b4a70ba359b414efb4655e5e36bfa4980ffcefa218f5801e59,c9296fc31799d66a8fee8763b0bcfdfd946910df880f9f9106ced98b7b4b2576
base,mj-2,MJ,debug log + mbedtls debug enabled,detools-crle,0.53.0,detools create_patch -c crle corpus/bins/base.bin corpus/bins/mj-2.bin results/stage1/patches/base_to_mj-2_detools-crle.bin,deployed config — only crle compiled into ESP32 component,952144,1040752,298118,3.4911,71.36,2.698,2.5659,2.874,27.97,True,972ae65fe1bf9defd2a16cbdb6621b28a5b7404f89ecadaed2e0f7ef3a6dbb8b,b81ad3e0ccd182f07d6176790a3de9fd136991ccc74bb8ee43f5f0eefb43a8ca,6d3954fd8405a6c5821710f55a0d7d56264a6ef6927eb84014c8621c064c0890
base,mj-2,MJ,debug log + mbedtls debug enabled,detools-none,0.53.0,detools create_patch -c none corpus/bins/base.bin corpus/bins/mj-2.bin results/stage1/patches/base_to_mj-2_detools-none.bin,"differencing only, no compression",952144,1040752,1053215,0.9882,-1.2,0.5306,0.5182,0.5474,27.96,True,972ae65fe1bf9defd2a16cbdb6621b28a5b7404f89ecadaed2e0f7ef3a6dbb8b,b81ad3e0ccd182f07d6176790a3de9fd136991ccc74bb8ee43f5f0eefb43a8ca,d54b88555b9421a0209bba738e385be106535c77ac56ed7f85baab0e5c439500
base,mj-2,MJ,debug log + mbedtls debug enabled,detools-heatshrink,0.53.0,detools create_patch -c heatshrink corpus/bins/base.bin corpus/bins/mj-2.bin results/stage1/patches/base_to_mj-2_detools-heatshrink.bin,device-deployable candidate (one component-CMakeLists line),952144,1040752,166145,6.2641,84.04,0.6906,0.6671,0.8466,27.78,True,972ae65fe1bf9defd2a16cbdb6621b28a5b7404f89ecadaed2e0f7ef3a6dbb8b,b81ad3e0ccd182f07d6176790a3de9fd136991ccc74bb8ee43f5f0eefb43a8ca,a9756f751e5186b420be441f888ee66a858e21d41c674902cdbb0928b3e80b35
base,mj-2,MJ,debug log + mbedtls debug enabled,detools-lzma,0.53.0,detools create_patch -c lzma corpus/bins/base.bin corpus/bins/mj-2.bin results/stage1/patches/base_to_mj-2_detools-lzma.bin,NOT device-deployable — lzma decompressor absent from ESP32 component,952144,1040752,115114,9.0411,88.94,1.2446,1.2084,1.3965,47.36,True,972ae65fe1bf9defd2a16cbdb6621b28a5b7404f89ecadaed2e0f7ef3a6dbb8b,b81ad3e0ccd182f07d6176790a3de9fd136991ccc74bb8ee43f5f0eefb43a8ca,9c62114287b2ef96374c6919d205be2ddda3e7bac8e1ce2012c6f49a99e20622
base,mj-2,MJ,debug log + mbedtls debug enabled,bsdiff,unknown,bsdiff corpus/bins/base.bin corpus/bins/mj-2.bin results/stage1/patches/base_to_mj-2_bsdiff.bin,classic bsdiff 4.3 (bzip2-internal),952144,1040752,125818,8.2719,87.91,0.8061,0.7662,0.836,9.5,True,972ae65fe1bf9defd2a16cbdb6621b28a5b7404f89ecadaed2e0f7ef3a6dbb8b,b81ad3e0ccd182f07d6176790a3de9fd136991ccc74bb8ee43f5f0eefb43a8ca,67ba956766c10bb732c37d2d40097003bdbc19b8046b45aff5482cef1778b10f
base,mj-2,MJ,debug log + mbedtls debug enabled,xdelta3-0,"Xdelta version 3.0.11, Copyright (C) 2007, 2008, 2009, 2010, 2011, 2012, 2013, 2",xdelta3 -e -0 -f -s corpus/bins/base.bin corpus/bins/mj-2.bin results/stage1/patches/base_to_mj-2_xdelta3-0.bin,"VCDIFF, no secondary compression",952144,1040752,235937,4.4111,77.33,0.1735,0.1686,0.2253,16.92,True,972ae65fe1bf9defd2a16cbdb6621b28a5b7404f89ecadaed2e0f7ef3a6dbb8b,b81ad3e0ccd182f07d6176790a3de9fd136991ccc74bb8ee43f5f0eefb43a8ca,cf6bc19c0b933bbaa788436fc725764112fe88caf87774fa36bc5de339a9e2b5
base,mj-2,MJ,debug log + mbedtls debug enabled,xdelta3-9,"Xdelta version 3.0.11, Copyright (C) 2007, 2008, 2009, 2010, 2011, 2012, 2013, 2",xdelta3 -e -9 -f -s corpus/bins/base.bin corpus/bins/mj-2.bin results/stage1/patches/base_to_mj-2_xdelta3-9.bin,VCDIFF + max secondary (LZMA) compression,952144,1040752,188931,5.5086,81.85,0.3945,0.3774,0.4781,139.18,True,972ae65fe1bf9defd2a16cbdb6621b28a5b7404f89ecadaed2e0f7ef3a6dbb8b,b81ad3e0ccd182f07d6176790a3de9fd136991ccc74bb8ee43f5f0eefb43a8ca,1f728838d0ec7783c98b720ca682b1339d7b53a54f06d690d4b4f5d8400088cc
base,mj-2,MJ,debug log + mbedtls debug enabled,full,n/a,full OTA (no delta),baseline — ships entire new binary,952144,1040752,1040752,1.0,0.0,0,0,0,0,True,972ae65fe1bf9defd2a16cbdb6621b28a5b7404f89ecadaed2e0f7ef3a6dbb8b,b81ad3e0ccd182f07d6176790a3de9fd136991ccc74bb8ee43f5f0eefb43a8ca,b81ad3e0ccd182f07d6176790a3de9fd136991ccc74bb8ee43f5f0eefb43a8ca
base,mj-2,MJ,debug log + mbedtls debug enabled,full_gz,gzip-9,gzip -9 <new_binary>,trivial alternative — gzip of full image,952144,1040752,649017,1.6036,37.64,0,0,0,0,True,972ae65fe1bf9defd2a16cbdb6621b28a5b7404f89ecadaed2e0f7ef3a6dbb8b,b81ad3e0ccd182f07d6176790a3de9fd136991ccc74bb8ee43f5f0eefb43a8ca,7f5499dfcc55e1c53ce1c757b6174cbd461fec2a4fcbef1942bee4e55e5fc935
base,mj-3,MJ,diag.c/diag.h diagnostic subsystem,detools-crle,0.53.0,detools create_patch -c crle corpus/bins/base.bin corpus/bins/mj-3.bin results/stage1/patches/base_to_mj-3_detools-crle.bin,deployed config — only crle compiled into ESP32 component,952144,952144,110,8655.8545,99.99,1.085,1.0144,1.1205,28.2,True,972ae65fe1bf9defd2a16cbdb6621b28a5b7404f89ecadaed2e0f7ef3a6dbb8b,e5bd10b3f39b8166a9b23e89aebb6c70f0fd3bcf84d51a49b312d7d51636f25e,75f3b4305a2b690e3ea3bb3a30e71bbdf356dc343d66dd295f546ae93e027fb6
base,mj-3,MJ,diag.c/diag.h diagnostic subsystem,detools-none,0.53.0,detools create_patch -c none corpus/bins/base.bin corpus/bins/mj-3.bin results/stage1/patches/base_to_mj-3_detools-none.bin,"differencing only, no compression",952144,952144,952156,1.0,-0.0,0.3249,0.3086,0.3391,28.02,True,972ae65fe1bf9defd2a16cbdb6621b28a5b7404f89ecadaed2e0f7ef3a6dbb8b,e5bd10b3f39b8166a9b23e89aebb6c70f0fd3bcf84d51a49b312d7d51636f25e,829e05dae66cd6b8534f3223cc27e5729ddde7923be56d2014374436237fddfc
base,mj-3,MJ,diag.c/diag.h diagnostic subsystem,detools-heatshrink,0.53.0,detools create_patch -c heatshrink corpus/bins/base.bin corpus/bins/mj-3.bin results/stage1/patches/base_to_mj-3_detools-heatshrink.bin,device-deployable candidate (one component-CMakeLists line),952144,952144,14980,63.561,98.43,0.3404,0.3172,0.342,28.31,True,972ae65fe1bf9defd2a16cbdb6621b28a5b7404f89ecadaed2e0f7ef3a6dbb8b,e5bd10b3f39b8166a9b23e89aebb6c70f0fd3bcf84d51a49b312d7d51636f25e,c890592573f11adbf66c2204ed2dd08af8962677d15b0acaaf52edd6e2616b22
base,mj-3,MJ,diag.c/diag.h diagnostic subsystem,detools-lzma,0.53.0,detools create_patch -c lzma corpus/bins/base.bin corpus/bins/mj-3.bin results/stage1/patches/base_to_mj-3_detools-lzma.bin,NOT device-deployable — lzma decompressor absent from ESP32 component,952144,952144,325,2929.6738,99.97,0.3679,0.354,0.3803,46.43,True,972ae65fe1bf9defd2a16cbdb6621b28a5b7404f89ecadaed2e0f7ef3a6dbb8b,e5bd10b3f39b8166a9b23e89aebb6c70f0fd3bcf84d51a49b312d7d51636f25e,c7c3f2cb16d0a956fe3410e3f590ed241a218b569cd3f72d66758c36ec915c96
base,mj-3,MJ,diag.c/diag.h diagnostic subsystem,bsdiff,unknown,bsdiff corpus/bins/base.bin corpus/bins/mj-3.bin results/stage1/patches/base_to_mj-3_bsdiff.bin,classic bsdiff 4.3 (bzip2-internal),952144,952144,314,3032.3057,99.97,0.3683,0.3649,0.3771,9.18,True,972ae65fe1bf9defd2a16cbdb6621b28a5b7404f89ecadaed2e0f7ef3a6dbb8b,e5bd10b3f39b8166a9b23e89aebb6c70f0fd3bcf84d51a49b312d7d51636f25e,338894888ae17a9a5817e8b837b9072121d208d702b0a5f3d16314005310ecfd
base,mj-3,MJ,diag.c/diag.h diagnostic subsystem,xdelta3-0,"Xdelta version 3.0.11, Copyright (C) 2007, 2008, 2009, 2010, 2011, 2012, 2013, 2",xdelta3 -e -0 -f -s corpus/bins/base.bin corpus/bins/mj-3.bin results/stage1/patches/base_to_mj-3_xdelta3-0.bin,"VCDIFF, no secondary compression",952144,952144,213,4470.1596,99.98,0.0149,0.0147,0.0191,13.61,True,972ae65fe1bf9defd2a16cbdb6621b28a5b7404f89ecadaed2e0f7ef3a6dbb8b,e5bd10b3f39b8166a9b23e89aebb6c70f0fd3bcf84d51a49b312d7d51636f25e,e56a4905c8154a29a1ad7132739f2f66e58810d49e17d63728477223e6e1efcd
base,mj-3,MJ,diag.c/diag.h diagnostic subsystem,xdelta3-9,"Xdelta version 3.0.11, Copyright (C) 2007, 2008, 2009, 2010, 2011, 2012, 2013, 2",xdelta3 -e -9 -f -s corpus/bins/base.bin corpus/bins/mj-3.bin results/stage1/patches/base_to_mj-3_xdelta3-9.bin,VCDIFF + max secondary (LZMA) compression,952144,952144,194,4907.9588,99.98,0.1297,0.126,0.155,135.5,True,972ae65fe1bf9defd2a16cbdb6621b28a5b7404f89ecadaed2e0f7ef3a6dbb8b,e5bd10b3f39b8166a9b23e89aebb6c70f0fd3bcf84d51a49b312d7d51636f25e,4ceebde9cce6ce27ebd0dc5bb0cafca0eb83d26483a8401277de8c0f03cc4677
base,mj-3,MJ,diag.c/diag.h diagnostic subsystem,full,n/a,full OTA (no delta),baseline — ships entire new binary,952144,952144,952144,1.0,0.0,0,0,0,0,True,972ae65fe1bf9defd2a16cbdb6621b28a5b7404f89ecadaed2e0f7ef3a6dbb8b,e5bd10b3f39b8166a9b23e89aebb6c70f0fd3bcf84d51a49b312d7d51636f25e,e5bd10b3f39b8166a9b23e89aebb6c70f0fd3bcf84d51a49b312d7d51636f25e
base,mj-3,MJ,diag.c/diag.h diagnostic subsystem,full_gz,gzip-9,gzip -9 <new_binary>,trivial alternative — gzip of full image,952144,952144,609676,1.5617,35.97,0,0,0,0,True,972ae65fe1bf9defd2a16cbdb6621b28a5b7404f89ecadaed2e0f7ef3a6dbb8b,e5bd10b3f39b8166a9b23e89aebb6c70f0fd3bcf84d51a49b312d7d51636f25e,ecdd95d7396c489e17501641da49d35fa99a8dd5e0f1c02fee0edcf10c0f5b7b
base,wc-1,WC,compiler optimisation -O2,detools-crle,0.53.0,detools create_patch -c crle corpus/bins/base.bin corpus/bins/wc-1.bin results/stage1/patches/base_to_wc-1_detools-crle.bin,deployed config — only crle compiled into ESP32 component,952144,924592,488435,1.893,47.17,2.2002,2.1592,2.4644,27.77,True,972ae65fe1bf9defd2a16cbdb6621b28a5b7404f89ecadaed2e0f7ef3a6dbb8b,7c8a24f46cf702d1f8e0653f40c2f086c2eee574e15d808e5bebc7814d662c76,221abf17f9d66f91946385729afa5ed828736592f67ad6fc7ab560af7f89db09
base,wc-1,WC,compiler optimisation -O2,detools-none,0.53.0,detools create_patch -c none corpus/bins/base.bin corpus/bins/wc-1.bin results/stage1/patches/base_to_wc-1_detools-none.bin,"differencing only, no compression",952144,924592,938776,0.9849,-1.53,0.9047,0.8908,1.1233,27.55,True,972ae65fe1bf9defd2a16cbdb6621b28a5b7404f89ecadaed2e0f7ef3a6dbb8b,7c8a24f46cf702d1f8e0653f40c2f086c2eee574e15d808e5bebc7814d662c76,de2e4a3c2b76841f8739d65e83361ea5f8f4b3d1b63e9ac0becc3910be09f950
base,wc-1,WC,compiler optimisation -O2,detools-heatshrink,0.53.0,detools create_patch -c heatshrink corpus/bins/base.bin corpus/bins/wc-1.bin results/stage1/patches/base_to_wc-1_detools-heatshrink.bin,device-deployable candidate (one component-CMakeLists line),952144,924592,440834,2.0974,52.32,1.0035,0.9887,1.0429,27.65,True,972ae65fe1bf9defd2a16cbdb6621b28a5b7404f89ecadaed2e0f7ef3a6dbb8b,7c8a24f46cf702d1f8e0653f40c2f086c2eee574e15d808e5bebc7814d662c76,efb186dea152dd871e8f09b063ab104cd41e80006d6eb0e1d8206605f83e7b85
base,wc-1,WC,compiler optimisation -O2,detools-lzma,0.53.0,detools create_patch -c lzma corpus/bins/base.bin corpus/bins/wc-1.bin results/stage1/patches/base_to_wc-1_detools-lzma.bin,NOT device-deployable — lzma decompressor absent from ESP32 component,952144,924592,328103,2.818,64.51,1.3916,1.352,1.4262,46.57,True,972ae65fe1bf9defd2a16cbdb6621b28a5b7404f89ecadaed2e0f7ef3a6dbb8b,7c8a24f46cf702d1f8e0653f40c2f086c2eee574e15d808e5bebc7814d662c76,73e06a8dfb892b899b23580ce12154065d3adff083a93b37faf2b0864bc4a91f
base,wc-1,WC,compiler optimisation -O2,bsdiff,unknown,bsdiff corpus/bins/base.bin corpus/bins/wc-1.bin results/stage1/patches/base_to_wc-1_bsdiff.bin,classic bsdiff 4.3 (bzip2-internal),952144,924592,347299,2.6622,62.44,0.9771,0.957,1.0046,10.41,True,972ae65fe1bf9defd2a16cbdb6621b28a5b7404f89ecadaed2e0f7ef3a6dbb8b,7c8a24f46cf702d1f8e0653f40c2f086c2eee574e15d808e5bebc7814d662c76,e6ab4e2a906157bad3879cb8f9065c741f228c80aadccf24df1a2feb2fabefa9
base,wc-1,WC,compiler optimisation -O2,xdelta3-0,"Xdelta version 3.0.11, Copyright (C) 2007, 2008, 2009, 2010, 2011, 2012, 2013, 2",xdelta3 -e -0 -f -s corpus/bins/base.bin corpus/bins/wc-1.bin results/stage1/patches/base_to_wc-1_xdelta3-0.bin,"VCDIFF, no secondary compression",952144,924592,370114,2.4981,59.97,0.1946,0.1867,0.2001,17.17,True,972ae65fe1bf9defd2a16cbdb6621b28a5b7404f89ecadaed2e0f7ef3a6dbb8b,7c8a24f46cf702d1f8e0653f40c2f086c2eee574e15d808e5bebc7814d662c76,c962a240d6b2a10217db5c74d6f95cb6510ad0635f36c48366514e3ca350d5a2
base,wc-1,WC,compiler optimisation -O2,xdelta3-9,"Xdelta version 3.0.11, Copyright (C) 2007, 2008, 2009, 2010, 2011, 2012, 2013, 2",xdelta3 -e -9 -f -s corpus/bins/base.bin corpus/bins/wc-1.bin results/stage1/patches/base_to_wc-1_xdelta3-9.bin,VCDIFF + max secondary (LZMA) compression,952144,924592,363919,2.5407,60.64,0.4202,0.4065,0.4571,140.2,True,972ae65fe1bf9defd2a16cbdb6621b28a5b7404f89ecadaed2e0f7ef3a6dbb8b,7c8a24f46cf702d1f8e0653f40c2f086c2eee574e15d808e5bebc7814d662c76,176489c001beedbd7ebc82b914744b7467cf84fcd00e8d92fa68898c04e34b86
base,wc-1,WC,compiler optimisation -O2,full,n/a,full OTA (no delta),baseline — ships entire new binary,952144,924592,924592,1.0,0.0,0,0,0,0,True,972ae65fe1bf9defd2a16cbdb6621b28a5b7404f89ecadaed2e0f7ef3a6dbb8b,7c8a24f46cf702d1f8e0653f40c2f086c2eee574e15d808e5bebc7814d662c76,7c8a24f46cf702d1f8e0653f40c2f086c2eee574e15d808e5bebc7814d662c76
base,wc-1,WC,compiler optimisation -O2,full_gz,gzip-9,gzip -9 <new_binary>,trivial alternative — gzip of full image,952144,924592,627629,1.4732,32.12,0,0,0,0,True,972ae65fe1bf9defd2a16cbdb6621b28a5b7404f89ecadaed2e0f7ef3a6dbb8b,7c8a24f46cf702d1f8e0653f40c2f086c2eee574e15d808e5bebc7814d662c76,17942c730ac2669f8c3c199909aee4f1a5fad4dd54ca6a1aac6b2133d105bb6f
base,nu-2,NU,comment added to ota.c,hdiffpatch,-h (or -?),hdiffz -f corpus/bins/base.bin corpus/bins/nu-2.bin results/stage1/patches/base_to_nu-2_hdiffpatch.bin,HDiffPatch default settings,952144,952144,116,8208.1379,99.99,0.014,0.0133,0.0148,7.55,True,972ae65fe1bf9defd2a16cbdb6621b28a5b7404f89ecadaed2e0f7ef3a6dbb8b,8bacddea1fa8707ae653ff25e53faa72892a08347b99a3d9e09f70af2b833351,c6e639bfba58d946a6aa067c7f365ca85fa0ba9300da50bcc20c997dcae53ea2
base,nu-3,NU,OTA success log string changed,hdiffpatch,-h (or -?),hdiffz -f corpus/bins/base.bin corpus/bins/nu-3.bin results/stage1/patches/base_to_nu-3_hdiffpatch.bin,HDiffPatch default settings,952144,952144,5675,167.7787,99.4,0.0186,0.0173,0.0203,7.05,True,972ae65fe1bf9defd2a16cbdb6621b28a5b7404f89ecadaed2e0f7ef3a6dbb8b,613502b745de3a1dbaa9d12444a112906a117d8423ebf0c033480d5c540f07de,03797862f47435f76093e59e9f839cf54a2cef2af008b4b0a136f058a6dbba03
base,mn-1,MN,static attempt counter + 3 s reboot delay,hdiffpatch,-h (or -?),hdiffz -f corpus/bins/base.bin corpus/bins/mn-1.bin results/stage1/patches/base_to_mn-1_hdiffpatch.bin,HDiffPatch default settings,952144,952224,45269,21.0348,95.25,0.0953,0.0918,0.1231,7.11,True,972ae65fe1bf9defd2a16cbdb6621b28a5b7404f89ecadaed2e0f7ef3a6dbb8b,28a7572f465984e2b96dc44b758847bf7d75012d884aff12807f6b04e8477bea,b4e4944eef43408ecdec37be8d39d15a8c14c138ddc86a9b06401062fd2ecf13
base,mn-2,MN,ota_check_heap_guard() function added,hdiffpatch,-h (or -?),hdiffz -f corpus/bins/base.bin corpus/bins/mn-2.bin results/stage1/patches/base_to_mn-2_hdiffpatch.bin,HDiffPatch default settings,952144,952528,50051,19.0311,94.75,0.0921,0.0914,0.0969,7.13,True,972ae65fe1bf9defd2a16cbdb6621b28a5b7404f89ecadaed2e0f7ef3a6dbb8b,9380a4c6c32bc6d51f868fea41c5487044b1ac94472ffc3c74963e4182b1ee6f,81b13f1c43919a1eed686238b0589f3c285d17d7f0cd27340b0bdc8de1aa3147
base,mn-3,MN,heap_delta field in heartbeat,hdiffpatch,-h (or -?),hdiffz -f corpus/bins/base.bin corpus/bins/mn-3.bin results/stage1/patches/base_to_mn-3_hdiffpatch.bin,HDiffPatch default settings,952144,952176,33361,28.5416,96.5,0.0727,0.0714,0.0771,6.87,True,972ae65fe1bf9defd2a16cbdb6621b28a5b7404f89ecadaed2e0f7ef3a6dbb8b,f9a9e4c8215fef8c8010cdc1f57ba941e42877f1a218de89324cfc611f289ec8,eb12f305ed1f6d237e96d8af84a0ebe811fa3e50424b790588ce72a4bff754bf
base,mj-1,MJ,CONFIG_TELEMETRY_ENABLE=y,hdiffpatch,-h (or -?),hdiffz -f corpus/bins/base.bin corpus/bins/mj-1.bin results/stage1/patches/base_to_mj-1_hdiffpatch.bin,HDiffPatch default settings,952144,977920,155894,6.273,84.06,0.2063,0.2029,0.2161,9.1,True,972ae65fe1bf9defd2a16cbdb6621b28a5b7404f89ecadaed2e0f7ef3a6dbb8b,6eeca0088982f7b4a70ba359b414efb4655e5e36bfa4980ffcefa218f5801e59,b2aa30a269ad028e4455127d515c0a0ba2d9300d7be4b7e7cdd534e8593fc283
base,mj-2,MJ,debug log + mbedtls debug enabled,hdiffpatch,-h (or -?),hdiffz -f corpus/bins/base.bin corpus/bins/mj-2.bin results/stage1/patches/base_to_mj-2_hdiffpatch.bin,HDiffPatch default settings,952144,1040752,238487,4.364,77.09,0.246,0.2428,0.2502,9.39,True,972ae65fe1bf9defd2a16cbdb6621b28a5b7404f89ecadaed2e0f7ef3a6dbb8b,b81ad3e0ccd182f07d6176790a3de9fd136991ccc74bb8ee43f5f0eefb43a8ca,c9cb54280cfb054e918b652299c5a0545371936416f828b979f423d012f23c82
base,mj-3,MJ,diag.c/diag.h diagnostic subsystem,hdiffpatch,-h (or -?),hdiffz -f corpus/bins/base.bin corpus/bins/mj-3.bin results/stage1/patches/base_to_mj-3_hdiffpatch.bin,HDiffPatch default settings,952144,952144,117,8137.9829,99.99,0.0134,0.0134,0.0138,7.57,True,972ae65fe1bf9defd2a16cbdb6621b28a5b7404f89ecadaed2e0f7ef3a6dbb8b,e5bd10b3f39b8166a9b23e89aebb6c70f0fd3bcf84d51a49b312d7d51636f25e,65093257d34e57d26dd394d78803d670b1a086f6d368a56d2b1d8acd7bfb6820
base,wc-1,WC,compiler optimisation -O2,hdiffpatch,-h (or -?),hdiffz -f corpus/bins/base.bin corpus/bins/wc-1.bin results/stage1/patches/base_to_wc-1_hdiffpatch.bin,HDiffPatch default settings,952144,924592,464230,1.9917,49.79,0.3668,0.3554,0.38,9.64,True,972ae65fe1bf9defd2a16cbdb6621b28a5b7404f89ecadaed2e0f7ef3a6dbb8b,7c8a24f46cf702d1f8e0653f40c2f086c2eee574e15d808e5bebc7814d662c76,b3e2b3947273dae523dc5393f205ec6020fa76b116132220a96c49b72ddf9260
