id,exp_id,recv_utc,dev,fw,seq,t_us,ev,b_flash,b_from,b_patch,calls_r,calls_w,err,flash_kBps,force_full,fw_to,goodput_kBps,heap_free,heap_min,heap_min_during,http,is_delta,ok,part,prev_boot_marker,reset_reason,rssi,rtt_ms,t_app_ms,t_apply_wall_ms,t_boot_app_ms,t_connect_ms,t_decrypt,t_downtime_ms,t_finalize_ms,t_flash,t_from_read,t_http,t_reboot_ms,t_seek,t_total_ms,t_unaccounted_ms,update
986,NU_DELTA,1781390157.8523858,esp32-A,s2-mn1,4,20059879,heartbeat,,,,,,,,,,,141828,134812,,,,,,,,,,,,,,,,,,,,,,,,
987,NU_DELTA,1781390167.477524,esp32-A,s2-mn1,5,29655256,ota_summary,955712,955658,65081,128,19002,955712,106.06,,,27.91,,,134812,,1,1,,,,-68,,,13385,60,1810,35,,679,9011,1645,2332,,0,16995,362,
988,NU_DELTA,1781390167.5031195,esp32-A,s2-mn1,6,29690534,ota_reboot,,,,,,,,,,,,,,,,,,,,,,,,,,,,,,,,,,,,
989,NU_DELTA,1781390167.8514445,esp32-A,s2-mn1,7,30059943,heartbeat,,,,,,,,,,,148792,134812,,,,,,,,,,,,,,,,,,,,,,,,
990,NU_DELTA,1781390171.278545,esp32-A,s2-base,0,60987,boot,,,,,,,,,,,,,,,,,ota_1,1,3,,,60,,,,,,,,,,,,,,
991,NU_DELTA,1781390181.275842,esp32-A,s2-base,1,10059921,heartbeat,,,,,,,,,,,214148,210024,,,,,,,,,,,,,,,,,,,,,,,,
992,NU_DELTA,1781390184.8243153,esp32-A,s2-base,2,13603295,ota_check,,,,,,,,,,,210660,,,200,1,,,,,-70,3380,,,,,,,,,,,,,,,1
993,NU_DELTA,1781390184.8493924,esp32-A,s2-base,3,13614482,ota_start,,,,,,,,0,s2-nu2,,,158544,,,1,,,,,-70,,,,,,,,,,,,,,,,
994,NU_DELTA,1781390191.2754948,esp32-A,s2-base,4,20059761,heartbeat,,,,,,,,,,,150528,142992,,,,,,,,,,,,,,,,,,,,,,,,
995,NU_DELTA,1781390194.3278828,esp32-A,s2-base,5,23089099,ota_summary,955712,955679,113,1,7472,955712,188.8,,,37.67,,,142992,,1,1,,,,-70,,,5939,61,1668,0,,697,5062,687,3,,0,9474,187,
996,NU_DELTA,1781390194.3433876,esp32-A,s2-base,6,23120407,ota_reboot,,,,,,,,,,,,,,,,,,,,,,,,,,,,,,,,,,,,
997,NU_DELTA,1781390195.1335297,esp32-A,s2-nu2,0,61181,boot,,,,,,,,,,,,,,,,,ota_0,1,3,,,61,,,,,,,,,,,,,,
998,NU_DELTA,1781390215.248413,esp32-A,s2-nu2,1,10059936,heartbeat,,,,,,,,,,,213956,210024,,,,,,,,,,,,,,,,,,,,,,,,
999,NU_DELTA,1781390218.481381,esp32-A,s2-nu2,2,12512508,ota_check,,,,,,,,,,,212008,,,200,0,,,,,-67,2290,,,,,,,,,,,,,,,0
1000,NU_DELTA,1781390218.489246,esp32-A,s2-nu2,3,20059920,heartbeat,,,,,,,,,,,212692,159024,,,,,,,,,,,,,,,,,,,,,,,,
1001,NU_DELTA,1781390225.1397262,esp32-A,s2-nu2,4,30059869,heartbeat,,,,,,,,,,,212692,159024,,,,,,,,,,,,,,,,,,,,,,,,
1002,NU_DELTA,1781390235.130115,esp32-A,s2-nu2,5,40059869,heartbeat,,,,,,,,,,,212692,159024,,,,,,,,,,,,,,,,,,,,,,,,
1003,NU_DELTA,1781390242.018874,esp32-A,s2-nu2,6,46939527,ota_check,,,,,,,,,,,210716,,,200,1,,,,,-68,3415,,,,,,,,,,,,,,,1
1004,NU_DELTA,1781390242.0359833,esp32-A,s2-nu2,7,46950722,ota_start,,,,,,,,0,s2-base,,,158700,,,1,,,,,-68,,,,,,,,,,,,,,,,
1005,NU_DELTA,1781390245.1306252,esp32-A,s2-nu2,8,50059833,heartbeat,,,,,,,,,,,181492,158700,,,,,,,,,,,,,,,,,,,,,,,,
1006,NU_DELTA,1781390255.137979,esp32-A,s2-nu2,9,60061153,heartbeat,,,,,,,,,,,150528,145616,,,,,,,,,,,,,,,,,,,,,,,,
1007,NU_DELTA,1781390258.7736394,esp32-A,s2-nu2,10,63679076,ota_summary,955712,955679,113,1,7472,955712,195.72,,,22.6,,,145616,,1,1,,,,-68,,,5762,61,9201,0,65315.4,676,4883,690,5,65254.4,0,16728,184,
1008,NU_DELTA,1781390258.7857492,esp32-A,s2-nu2,11,63710893,ota_reboot,,,,,,,,,,,,,,,,,,,,,,,,,,,,,,,,,,,,
1009,NU_DELTA,1781390259.5977745,esp32-A,s2-base,0,61111,boot,,,,,,,,,,,,,,,,,ota_1,1,3,,,61,,,,,,,,,,,,,,
1010,NU_DELTA,1781390279.6934025,esp32-A,s2-base,1,10059924,heartbeat,,,,,,,,,,,213936,210016,,,,,,,,,,,,,,,,,,,,,,,,
1011,NU_DELTA,1781390282.4319093,esp32-A,s2-base,2,13276227,ota_check,,,,,,,,,,,212012,,,200,0,,,,,-68,3003,,,,,,,,,,,,,,,0
1012,NU_DELTA,1781390282.4608023,esp32-A,s2-base,3,20059919,heartbeat,,,,,,,,,,,212672,159156,,,,,,,,,,,,,,,,,,,,,,,,
1013,NU_DELTA,1781390289.5947893,esp32-A,s2-base,4,30059863,heartbeat,,,,,,,,,,,212672,159156,,,,,,,,,,,,,,,,,,,,,,,,
1014,NU_DELTA,1781390299.5949192,esp32-A,s2-base,5,40059863,heartbeat,,,,,,,,,,,212672,159156,,,,,,,,,,,,,,,,,,,,,,,,
1015,NU_DELTA,1781390306.0059094,esp32-A,s2-base,6,46466890,ota_check,,,,,,,,,,,210068,,,200,1,,,,,-67,2182,,,,,,,,,,,,,,,1
1016,NU_DELTA,1781390306.0282805,esp32-A,s2-base,7,46478097,ota_start,,,,,,,,0,s2-nu2,,,158484,,,1,,,,,-67,,,,,,,,,,,,,,,,
1017,NU_DELTA,1781390309.5970016,esp32-A,s2-base,8,50060395,heartbeat,,,,,,,,,,,150448,145708,,,,,,,,,,,,,,,,,,,,,,,,
1018,NU_DELTA,1781390315.6287656,esp32-A,s2-base,9,56069522,ota_summary,955712,955679,113,1,7472,955712,188.73,,,37.67,,,145708,,1,1,,,,-67,,,5941,57,1824,0,57732.6,685,5064,689,3,57675.6,0,9591,185,
1019,NU_DELTA,1781390315.6423824,esp32-A,s2-base,10,56100667,ota_reboot,,,,,,,,,,,,,,,,,,,,,,,,,,,,,,,,,,,,
1020,NU_DELTA,1781390316.4613745,esp32-A,s2-nu2,0,57054,boot,,,,,,,,,,,,,,,,,ota_0,1,3,,,57,,,,,,,,,,,,,,
1021,NU_DELTA,1781390336.5770512,esp32-A,s2-nu2,1,10059943,heartbeat,,,,,,,,,,,213948,210024,,,,,,,,,,,,,,,,,,,,,,,,
1022,NU_DELTA,1781390339.3971813,esp32-A,s2-nu2,2,12422353,ota_check,,,,,,,,,,,212028,,,200,0,,,,,-67,2190,,,,,,,,,,,,,,,0
1023,NU_DELTA,1781390339.4177997,esp32-A,s2-nu2,3,20059923,heartbeat,,,,,,,,,,,212704,159124,,,,,,,,,,,,,,,,,,,,,,,,
1024,NU_DELTA,1781390346.4600189,esp32-A,s2-nu2,4,30059871,heartbeat,,,,,,,,,,,212704,159124,,,,,,,,,,,,,,,,,,,,,,,,
1025,NU_DELTA,1781390356.4596148,esp32-A,s2-nu2,5,40059879,heartbeat,,,,,,,,,,,212704,159124,,,,,,,,,,,,,,,,,,,,,,,,
1026,NU_DELTA,1781390365.4917514,esp32-A,s2-nu2,6,49086019,ota_check,,,,,,,,,,,210076,,,200,1,,,,,-67,5652,,,,,,,,,,,,,,,1
1027,NU_DELTA,1781390365.5227137,esp32-A,s2-nu2,7,49097246,ota_start,,,,,,,,0,s2-base,,,158500,,,1,,,,,-67,,,,,,,,,,,,,,,,
1028,NU_DELTA,1781390366.4603856,esp32-A,s2-nu2,8,50059951,heartbeat,,,,,,,,,,,181432,158500,,,,,,,,,,,,,,,,,,,,,,,,
1029,NU_DELTA,1781390375.8301246,esp32-A,s2-nu2,9,59407012,ota_summary,955712,955679,113,1,7472,955712,194.65,,,37.67,,,145740,,1,1,,,,-67,,,5784,60,2730,0,117941.3,683,4910,690,3,117881.3,0,10309,181,
1030,NU_DELTA,1781390375.846708,esp32-A,s2-nu2,10,59440941,ota_reboot,,,,,,,,,,,,,,,,,,,,,,,,,,,,,,,,,,,,
1031,NU_DELTA,1781390376.6670444,esp32-A,s2-base,0,60312,boot,,,,,,,,,,,,,,,,,ota_1,1,3,,,60,,,,,,,,,,,,,,
1032,NU_DELTA,1781390396.7772703,esp32-A,s2-base,1,10059923,heartbeat,,,,,,,,,,,213944,210024,,,,,,,,,,,,,,,,,,,,,,,,
1033,NU_DELTA,1781390399.7797842,esp32-A,s2-base,2,12655096,ota_check,,,,,,,,,,,212024,,,200,0,,,,,-68,2432,,,,,,,,,,,,,,,0
1034,NU_DELTA,1781390399.798475,esp32-A,s2-base,3,20059913,heartbeat,,,,,,,,,,,212676,159164,,,,,,,,,,,,,,,,,,,,,,,,
1035,NU_DELTA,1781390406.6647553,esp32-A,s2-base,4,30059861,heartbeat,,,,,,,,,,,212676,159164,,,,,,,,,,,,,,,,,,,,,,,,
1036,NU_DELTA,1781390416.664264,esp32-A,s2-base,5,40059865,heartbeat,,,,,,,,,,,212676,159164,,,,,,,,,,,,,,,,,,,,,,,,
1037,NU_DELTA,1781390422.4451976,esp32-A,s2-base,6,45836593,ota_check,,,,,,,,,,,210076,,,200,1,,,,,-68,2173,,,,,,,,,,,,,,,1
1038,NU_DELTA,1781390422.4661572,esp32-A,s2-base,7,45847809,ota_start,,,,,,,,0,s2-nu2,,,158476,,,1,,,,,-68,,,,,,,,,,,,,,,,
1039,NU_DELTA,1781390426.6781585,esp32-A,s2-base,8,50062717,heartbeat,,,,,,,,,,,150472,145716,,,,,,,,,,,,,,,,,,,,,,,,
1040,NU_DELTA,1781390431.705321,esp32-A,s2-base,9,55078300,ota_summary,955712,955679,113,1,7472,955712,188.88,,,37.67,,,145716,,1,1,,,,-68,,,5930,61,1488,0,173787.7,678,5060,684,3,173726.7,0,9230,183,
1041,NU_DELTA,1781390431.7182093,esp32-A,s2-base,10,55110404,ota_reboot,,,,,,,,,,,,,,,,,,,,,,,,,,,,,,,,,,,,
1042,NU_DELTA,1781390432.5124936,esp32-A,s2-nu2,0,61155,boot,,,,,,,,,,,,,,,,,ota_0,1,3,,,61,,,,,,,,,,,,,,
1043,NU_DELTA,1781390452.581807,esp32-A,s2-nu2,1,10059932,heartbeat,,,,,,,,,,,213952,210060,,,,,,,,,,,,,,,,,,,,,,,,
1044,NU_DELTA,1781390455.4900877,esp32-A,s2-nu2,2,12431906,ota_check,,,,,,,,,,,212020,,,200,0,,,,,-67,2209,,,,,,,,,,,,,,,0
1045,NU_DELTA,1781390455.521047,esp32-A,s2-nu2,3,20059912,heartbeat,,,,,,,,,,,212704,159128,,,,,,,,,,,,,,,,,,,,,,,,
1046,NU_DELTA,1781390462.5083878,esp32-A,s2-nu2,4,30059860,heartbeat,,,,,,,,,,,212704,159128,,,,,,,,,,,,,,,,,,,,,,,,
1047,NU_DELTA,1781390472.508582,esp32-A,s2-nu2,5,40059861,heartbeat,,,,,,,,,,,212704,159128,,,,,,,,,,,,,,,,,,,,,,,,
1048,NU_DELTA,1781390480.2148669,esp32-A,s2-nu2,6,47736467,ota_check,,,,,,,,,,,210296,,,200,1,,,,,-59,4293,,,,,,,,,,,,,,,1
1049,NU_DELTA,1781390480.2432957,esp32-A,s2-nu2,7,47747683,ota_start,,,,,,,,0,s2-base,,,158700,,,1,,,,,-59,,,,,,,,,,,,,,,,
1050,NU_DELTA,1781390482.547752,esp32-A,s2-nu2,8,50098517,heartbeat,,,,,,,,,,,149996,145696,,,,,,,,,,,,,,,,,,,,,,,,
1051,NU_DELTA,1781390489.5115504,esp32-A,s2-nu2,9,57039373,ota_summary,955712,955679,113,1,7472,955712,195.24,,,37.67,,,145696,,1,1,,,,-59,,,5763,61,1740,0,231623.2,675,4895,685,3,231562.2,0,9291,180,
1052,NU_DELTA,1781390489.5411599,esp32-A,s2-nu2,10,57070926,ota_reboot,,,,,,,,,,,,,,,,,,,,,,,,,,,,,,,,,,,,
1053,NU_DELTA,1781390490.3479083,esp32-A,s2-base,0,61133,boot,,,,,,,,,,,,,,,,,ota_1,1,3,,,61,,,,,,,,,,,,,,
1054,NU_DELTA,1781390510.4383428,esp32-A,s2-base,1,10059938,heartbeat,,,,,,,,,,,213940,210016,,,,,,,,,,,,,,,,,,,,,,,,
1055,NU_DELTA,1781390513.4706523,esp32-A,s2-base,2,12518151,ota_check,,,,,,,,,,,212028,,,200,0,,,,,-72,2255,,,,,,,,,,,,,,,0
1056,NU_DELTA,1781390513.4837983,esp32-A,s2-base,3,20059912,heartbeat,,,,,,,,,,,212688,159008,,,,,,,,,,,,,,,,,,,,,,,,
1057,NU_DELTA,1781390520.3435826,esp32-A,s2-base,4,30059864,heartbeat,,,,,,,,,,,212688,159008,,,,,,,,,,,,,,,,,,,,,,,,
1058,NU_DELTA,1781390530.3435915,esp32-A,s2-base,5,40059864,heartbeat,,,,,,,,,,,212688,159008,,,,,,,,,,,,,,,,,,,,,,,,
1059,NU_DELTA,1781390537.0265465,esp32-A,s2-base,6,46739164,ota_check,,,,,,,,,,,210092,,,200,1,,,,,-70,3216,,,,,,,,,,,,,,,1
1060,NU_DELTA,1781390537.0626867,esp32-A,s2-base,7,46750373,ota_start,,,,,,,,0,s2-nu2,,,158504,,,1,,,,,-70,,,,,,,,,,,,,,,,
1061,NU_DELTA,1781390540.412392,esp32-A,s2-base,8,50129080,heartbeat,,,,,,,,,,,150020,145732,,,,,,,,,,,,,,,,,,,,,,,,
1062,NU_DELTA,1781390547.5762732,esp32-A,s2-base,9,57269066,ota_summary,955712,955679,113,1,7472,955712,188.88,,,37.67,,,145732,,1,1,,,,-70,,,5932,61,2748,0,289687.6,684,5060,687,3,289626.6,0,10518,182,
1063,NU_DELTA,1781390547.5952735,esp32-A,s2-base,10,57300434,ota_reboot,,,,,,,,,,,,,,,,,,,,,,,,,,,,,,,,,,,,
1064,NU_DELTA,1781390548.4123886,esp32-A,s2-nu2,0,61183,boot,,,,,,,,,,,,,,,,,ota_0,1,3,,,61,,,,,,,,,,,,,,
1065,NU_DELTA,1781390568.5225332,esp32-A,s2-nu2,1,10059941,heartbeat,,,,,,,,,,,214088,210156,,,,,,,,,,,,,,,,,,,,,,,,
1066,NU_DELTA,1781390571.502493,esp32-A,s2-nu2,2,12620823,ota_check,,,,,,,,,,,212180,,,200,0,,,,,-69,2398,,,,,,,,,,,,,,,0
1067,NU_DELTA,1781390571.5110123,esp32-A,s2-nu2,3,20059923,heartbeat,,,,,,,,,,,212844,159268,,,,,,,,,,,,,,,,,,,,,,,,
1068,NU_DELTA,1781390578.4075592,esp32-A,s2-nu2,4,30059879,heartbeat,,,,,,,,,,,212844,159268,,,,,,,,,,,,,,,,,,,,,,,,
1069,NU_DELTA,1781390588.4102976,esp32-A,s2-nu2,5,40059871,heartbeat,,,,,,,,,,,212844,159268,,,,,,,,,,,,,,,,,,,,,,,,
1070,NU_DELTA,1781390594.3615844,esp32-A,s2-nu2,6,46009722,ota_check,,,,,,,,,,,210212,,,200,1,,,,,-70,2377,,,,,,,,,,,,,,,1
1071,NU_DELTA,1781390594.384368,esp32-A,s2-nu2,7,46021164,ota_start,,,,,,,,0,s2-base,,,158676,,,1,,,,,-70,,,,,,,,,,,,,,,,
1072,NU_DELTA,1781390598.410452,esp32-A,s2-nu2,8,50060448,heartbeat,,,,,,,,,,,150592,145832,,,,,,,,,,,,,,,,,,,,,,,,
1073,NU_DELTA,1781390603.5815547,esp32-A,s2-nu2,9,55209877,ota_summary,955712,955679,113,1,7472,955712,194.92,,,22.6,,,145832,,1,1,,,,-70,,,5779,61,1603,0,345690.8,680,4903,688,5,345629.8,0,9188,183,
1074,NU_DELTA,1781390603.5964892,esp32-A,s2-nu2,10,55250985,ota_reboot,,,,,,,,,,,,,,,,,,,,,,,,,,,,,,,,,,,,
1075,NU_DELTA,1781390604.4155533,esp32-A,s2-base,0,61174,boot,,,,,,,,,,,,,,,,,ota_1,1,3,,,61,,,,,,,,,,,,,,
1076,NU_DELTA,1781390624.5001478,esp32-A,s2-base,1,10059932,heartbeat,,,,,,,,,,,214080,210156,,,,,,,,,,,,,,,,,,,,,,,,
1077,NU_DELTA,1781390627.3136454,esp32-A,s2-base,2,12423616,ota_check,,,,,,,,,,,212156,,,200,0,,,,,-69,2201,,,,,,,,,,,,,,,0
1078,NU_DELTA,1781390627.3325381,esp32-A,s2-base,3,20059916,heartbeat,,,,,,,,,,,212832,159260,,,,,,,,,,,,,,,,,,,,,,,,
1079,NU_DELTA,1781390634.4125075,esp32-A,s2-base,4,30059862,heartbeat,,,,,,,,,,,212832,159260,,,,,,,,,,,,,,,,,,,,,,,,
1080,NU_DELTA,1781390644.4340358,esp32-A,s2-base,5,40059862,heartbeat,,,,,,,,,,,212832,159260,,,,,,,,,,,,,,,,,,,,,,,,
1081,NU_DELTA,1781390650.0705242,esp32-A,s2-base,6,45713652,ota_check,,,,,,,,,,,210224,,,200,1,,,,,-71,2279,,,,,,,,,,,,,,,1
1082,NU_DELTA,1781390650.0904932,esp32-A,s2-base,7,45724876,ota_start,,,,,,,,0,s2-nu2,,,158648,,,1,,,,,-71,,,,,,,,,,,,,,,,
1083,NU_DELTA,1781390654.4173787,esp32-A,s2-base,8,50061582,heartbeat,,,,,,,,,,,150616,145868,,,,,,,,,,,,,,,,,,,,,,,,
1084,NU_DELTA,1781390659.8067017,esp32-A,s2-base,9,55429651,ota_summary,955712,955679,113,1,7472,955712,188.69,,,37.67,,,145868,,1,1,,,,-71,,,5943,61,1920,0,401915.9,684,5065,689,3,401854.9,0,9704,186,
1085,NU_DELTA,1781390659.828054,esp32-A,s2-base,10,55460919,ota_reboot,,,,,,,,,,,,,,,,,,,,,,,,,,,,,,,,,,,,
1086,NU_DELTA,1781390660.6406026,esp32-A,s2-nu2,0,61155,boot,,,,,,,,,,,,,,,,,ota_0,1,3,,,61,,,,,,,,,,,,,,
1087,NU_DELTA,1781390680.7300081,esp32-A,s2-nu2,1,10059897,heartbeat,,,,,,,,,,,214080,209948,,,,,,,,,,,,,,,,,,,,,,,,
1088,NU_DELTA,1781390684.6810448,esp32-A,s2-nu2,2,12625747,ota_check,,,,,,,,,,,212160,,,200,0,,,,,-70,2403,,,,,,,,,,,,,,,0
1089,NU_DELTA,1781390684.695986,esp32-A,s2-nu2,3,20059922,heartbeat,,,,,,,,,,,212836,159256,,,,,,,,,,,,,,,,,,,,,,,,
1090,NU_DELTA,1781390690.6367445,esp32-A,s2-nu2,4,30059871,heartbeat,,,,,,,,,,,212836,159256,,,,,,,,,,,,,,,,,,,,,,,,
1091,NU_DELTA,1781390700.6401656,esp32-A,s2-nu2,5,40059871,heartbeat,,,,,,,,,,,212836,159256,,,,,,,,,,,,,,,,,,,,,,,,
1092,NU_DELTA,1781390706.5915084,esp32-A,s2-nu2,6,46011042,ota_check,,,,,,,,,,,210600,,,200,1,,,,,-66,2377,,,,,,,,,,,,,,,1
1093,NU_DELTA,1781390706.621321,esp32-A,s2-nu2,7,46022245,ota_start,,,,,,,,0,s2-base,,,159016,,,1,,,,,-66,,,,,,,,,,,,,,,,
1094,NU_DELTA,1781390710.6424758,esp32-A,s2-nu2,8,50061977,heartbeat,,,,,,,,,,,150580,145600,,,,,,,,,,,,,,,,,,,,,,,,
1095,NU_DELTA,1781390717.048493,esp32-A,s2-nu2,9,56449292,ota_summary,955712,955679,113,1,7472,955712,194.53,,,37.67,,,145600,,1,1,,,,-66,,,5787,61,2832,0,459150.6,692,4913,687,3,459089.6,0,10426,184,
1096,NU_DELTA,1781390717.0620515,esp32-A,s2-nu2,10,56480928,ota_reboot,,,,,,,,,,,,,,,,,,,,,,,,,,,,,,,,,,,,
1097,NU_DELTA,1781390717.875312,esp32-A,s2-base,0,61220,boot,,,,,,,,,,,,,,,,,ota_1,1,3,,,61,,,,,,,,,,,,,,
1098,NU_DELTA,1781390737.9781606,esp32-A,s2-base,1,10060231,heartbeat,,,,,,,,,,,214080,210156,,,,,,,,,,,,,,,,,,,,,,,,
1099,NU_DELTA,1781390740.6134787,esp32-A,s2-base,2,12765030,ota_check,,,,,,,,,,,212180,,,200,0,,,,,-68,2542,,,,,,,,,,,,,,,0
1100,NU_DELTA,1781390740.6223092,esp32-A,s2-base,3,20059939,heartbeat,,,,,,,,,,,212832,159240,,,,,,,,,,,,,,,,,,,,,,,,
1101,NU_DELTA,1781390747.8710704,esp32-A,s2-base,4,30059863,heartbeat,,,,,,,,,,,212832,159240,,,,,,,,,,,,,,,,,,,,,,,,
1102,NU_DELTA,1781390757.8734686,esp32-A,s2-base,5,40060398,heartbeat,,,,,,,,,,,212832,159240,,,,,,,,,,,,,,,,,,,,,,,,
1103,NU_DELTA,1781390763.7434244,esp32-A,s2-base,6,45928367,ota_check,,,,,,,,,,,210220,,,200,1,,,,,-68,2155,,,,,,,,,,,,,,,1
1104,NU_DELTA,1781390763.7644196,esp32-A,s2-base,7,45939570,ota_start,,,,,,,,0,s2-nu2,,,158580,,,1,,,,,-68,,,,,,,,,,,,,,,,
1105,NU_DELTA,1781390767.878437,esp32-A,s2-base,8,50062129,heartbeat,,,,,,,,,,,150552,145820,,,,,,,,,,,,,,,,,,,,,,,,
1106,NU_DELTA,1781390773.002745,esp32-A,s2-base,9,55169070,ota_summary,955712,955679,113,1,7472,955712,188.02,,,56.5,,,145820,,1,1,,,,-68,,,5957,61,1416,0,515084.2,679,5083,689,2,515023.2,0,9229,183,
1107,NU_DELTA,1781390773.0156147,esp32-A,s2-base,10,55200405,ota_reboot,,,,,,,,,,,,,,,,,,,,,,,,,,,,,,,,,,,,
1108,NU_DELTA,1781390773.8089006,esp32-A,s2-nu2,0,61208,boot,,,,,,,,,,,,,,,,,ota_0,1,3,,,61,,,,,,,,,,,,,,
1109,NU_DELTA,1781390793.962954,esp32-A,s2-nu2,1,10059936,heartbeat,,,,,,,,,,,213936,210020,,,,,,,,,,,,,,,,,,,,,,,,
1110,NU_DELTA,1781390797.1491182,esp32-A,s2-nu2,2,12446788,ota_check,,,,,,,,,,,212212,,,200,0,,,,,-69,2204,,,,,,,,,,,,,,,0
1111,NU_DELTA,1781390797.1666982,esp32-A,s2-nu2,3,20059923,heartbeat,,,,,,,,,,,212692,159108,,,,,,,,,,,,,,,,,,,,,,,,
1112,NU_DELTA,1781390803.8063068,esp32-A,s2-nu2,4,30059871,heartbeat,,,,,,,,,,,212692,159108,,,,,,,,,,,,,,,,,,,,,,,,
1113,NU_DELTA,1781390813.807981,esp32-A,s2-nu2,5,40059871,heartbeat,,,,,,,,,,,212692,159108,,,,,,,,,,,,,,,,,,,,,,,,
1114,NU_DELTA,1781390819.5415664,esp32-A,s2-nu2,6,45792664,ota_check,,,,,,,,,,,210260,,,200,1,,,,,-66,2339,,,,,,,,,,,,,,,1
1115,NU_DELTA,1781390819.5633013,esp32-A,s2-nu2,7,45803876,ota_start,,,,,,,,0,s2-base,,,158684,,,1,,,,,-66,,,,,,,,,,,,,,,,
1116,NU_DELTA,1781390823.8055692,esp32-A,s2-nu2,8,50059876,heartbeat,,,,,,,,,,,150516,145552,,,,,,,,,,,,,,,,,,,,,,,,
1117,NU_DELTA,1781390830.0282872,esp32-A,s2-nu2,9,56259131,ota_summary,955712,955679,113,1,7472,955712,194.21,,,37.67,,,145552,,1,1,,,,-66,,,5798,61,2849,0,572108.7,680,4921,690,3,572047.7,0,10455,184,
1118,NU_DELTA,1781390830.0457294,esp32-A,s2-nu2,10,56290407,ota_reboot,,,,,,,,,,,,,,,,,,,,,,,,,,,,,,,,,,,,
1119,NU_DELTA,1781390830.833484,esp32-A,s2-base,0,61147,boot,,,,,,,,,,,,,,,,,ota_1,1,3,,,61,,,,,,,,,,,,,,
1120,NU_DELTA,1781390850.9169729,esp32-A,s2-base,1,10059936,heartbeat,,,,,,,,,,,213944,210024,,,,,,,,,,,,,,,,,,,,,,,,
1121,NU_DELTA,1781390853.8070195,esp32-A,s2-base,2,14061697,ota_check,,,,,,,,,,,212208,,,200,0,,,,,-66,3839,,,,,,,,,,,,,,,0
1122,NU_DELTA,1781390853.8199544,esp32-A,s2-base,3,20059911,heartbeat,,,,,,,,,,,212676,158964,,,,,,,,,,,,,,,,,,,,,,,,
1123,NU_DELTA,1781390860.8298385,esp32-A,s2-base,4,30059863,heartbeat,,,,,,,,,,,212676,158964,,,,,,,,,,,,,,,,,,,,,,,,
1124,NU_DELTA,1781390870.8410752,esp32-A,s2-base,5,40059863,heartbeat,,,,,,,,,,,212676,158964,,,,,,,,,,,,,,,,,,,,,,,,
1125,NU_DELTA,1781390878.0504892,esp32-A,s2-base,6,47273704,ota_check,,,,,,,,,,,210480,,,200,1,,,,,-66,2201,,,,,,,,,,,,,,,1
1126,NU_DELTA,1781390878.0699935,esp32-A,s2-base,7,47284896,ota_start,,,,,,,,0,s2-nu2,,,158532,,,1,,,,,-66,,,,,,,,,,,,,,,,
1127,NU_DELTA,1781390880.8750901,esp32-A,s2-base,8,50104598,heartbeat,,,,,,,,,,,150148,145488,,,,,,,,,,,,,,,,,,,,,,,,
1128,NU_DELTA,1781390887.6228402,esp32-A,s2-base,9,56829177,ota_summary,955712,955679,113,1,7472,955712,187.87,,,37.67,,,145488,,1,1,,,,-66,,,5959,61,1735,0,629724.9,677,5087,686,3,629663.9,0,9544,183,
1129,NU_DELTA,1781390887.647888,esp32-A,s2-base,10,56860415,ota_reboot,,,,,,,,,,,,,,,,,,,,,,,,,,,,,,,,,,,,
1130,NU_DELTA,1781390888.44967,esp32-A,s2-nu2,0,61202,boot,,,,,,,,,,,,,,,,,ota_0,1,3,,,61,,,,,,,,,,,,,,
1131,NU_DELTA,1781390908.5350127,esp32-A,s2-nu2,1,10059885,heartbeat,,,,,,,,,,,213944,210024,,,,,,,,,,,,,,,,,,,,,,,,
1132,NU_DELTA,1781390911.701909,esp32-A,s2-nu2,2,12582399,ota_check,,,,,,,,,,,211992,,,200,0,,,,,-65,2360,,,,,,,,,,,,,,,0
1133,NU_DELTA,1781390911.715748,esp32-A,s2-nu2,3,20059929,heartbeat,,,,,,,,,,,212676,159132,,,,,,,,,,,,,,,,,,,,,,,,
1134,NU_DELTA,1781390918.4446712,esp32-A,s2-nu2,4,30059869,heartbeat,,,,,,,,,,,212676,159132,,,,,,,,,,,,,,,,,,,,,,,,
1135,NU_DELTA,1781390928.4445577,esp32-A,s2-nu2,5,40059869,heartbeat,,,,,,,,,,,212676,159132,,,,,,,,,,,,,,,,,,,,,,,,
1136,NU_DELTA,1781390934.2421322,esp32-A,s2-nu2,6,45837231,ota_check,,,,,,,,,,,210656,,,200,1,,,,,-65,2244,,,,,,,,,,,,,,,1
1137,NU_DELTA,1781390934.2562506,esp32-A,s2-nu2,7,45848418,ota_start,,,,,,,,0,s2-base,,,158688,,,1,,,,,-65,,,,,,,,,,,,,,,,
1138,NU_DELTA,1781390938.4522378,esp32-A,s2-nu2,8,50060322,heartbeat,,,,,,,,,,,150452,145472,,,,,,,,,,,,,,,,,,,,,,,,
1139,NU_DELTA,1781390943.266574,esp32-A,s2-nu2,9,54859108,ota_summary,955712,955679,113,1,7472,955712,194.33,,,37.67,,,145472,,1,1,,,,-65,,,5790,61,1429,0,685347.8,678,4918,688,3,685286.8,0,9010,181,
1140,NU_DELTA,1781390943.3251135,esp32-A,s2-nu2,10,54890414,ota_reboot,,,,,,,,,,,,,,,,,,,,,,,,,,,,,,,,,,,,
1141,NU_DELTA,1781390944.0725837,esp32-A,s2-base,0,61150,boot,,,,,,,,,,,,,,,,,ota_1,1,3,,,61,,,,,,,,,,,,,,
1142,NU_DELTA,1781390964.1611848,esp32-A,s2-base,1,10059936,heartbeat,,,,,,,,,,,213944,210024,,,,,,,,,,,,,,,,,,,,,,,,
1143,NU_DELTA,1781390966.7429242,esp32-A,s2-base,2,12536015,ota_check,,,,,,,,,,,212012,,,200,0,,,,,-65,2313,,,,,,,,,,,,,,,0
1144,NU_DELTA,1781390966.7549014,esp32-A,s2-base,3,20059921,heartbeat,,,,,,,,,,,212696,159016,,,,,,,,,,,,,,,,,,,,,,,,
1145,NU_DELTA,1781390974.0684295,esp32-A,s2-base,4,30059869,heartbeat,,,,,,,,,,,212696,159016,,,,,,,,,,,,,,,,,,,,,,,,
1146,NU_DELTA,1781390984.0731354,esp32-A,s2-base,5,40059869,heartbeat,,,,,,,,,,,212696,159016,,,,,,,,,,,,,,,,,,,,,,,,
1147,NU_DELTA,1781390989.836146,esp32-A,s2-base,6,45817985,ota_check,,,,,,,,,,,210080,,,200,1,,,,,-65,2275,,,,,,,,,,,,,,,1
1148,NU_DELTA,1781390989.8580334,esp32-A,s2-base,7,45829188,ota_start,,,,,,,,0,s2-nu2,,,158492,,,1,,,,,-65,,,,,,,,,,,,,,,,
1149,NU_DELTA,1781390994.0785666,esp32-A,s2-base,8,50060446,heartbeat,,,,,,,,,,,150388,145692,,,,,,,,,,,,,,,,,,,,,,,,
1150,NU_DELTA,1781390999.0714617,esp32-A,s2-base,9,55039209,ota_summary,955712,955679,113,1,7472,955712,188.65,,,37.67,,,145692,,1,1,,,,-65,,,5946,61,1419,0,741175.4,700,5066,690,3,741114.4,0,9209,187,
1151,NU_DELTA,1781390999.087828,esp32-A,s2-base,10,55070409,ota_reboot,,,,,,,,,,,,,,,,,,,,,,,,,,,,,,,,,,,,
1152,NU_DELTA,1781390999.900159,esp32-A,s2-nu2,0,61254,boot,,,,,,,,,,,,,,,,,ota_0,1,3,,,61,,,,,,,,,,,,,,
1153,NU_DELTA,1781391019.978851,esp32-A,s2-nu2,1,10059941,heartbeat,,,,,,,,,,,213956,210060,,,,,,,,,,,,,,,,,,,,,,,,
1154,NU_DELTA,1781391023.1494455,esp32-A,s2-nu2,2,12536493,ota_check,,,,,,,,,,,211832,,,200,0,,,,,-65,2314,,,,,,,,,,,,,,,0
1155,NU_DELTA,1781391023.1614723,esp32-A,s2-nu2,3,20059919,heartbeat,,,,,,,,,,,212712,159136,,,,,,,,,,,,,,,,,,,,,,,,
1156,NU_DELTA,1781391029.8924658,esp32-A,s2-nu2,4,30059871,heartbeat,,,,,,,,,,,212712,159136,,,,,,,,,,,,,,,,,,,,,,,,
1157,NU_DELTA,1781391039.8924708,esp32-A,s2-nu2,5,40059871,heartbeat,,,,,,,,,,,212712,159136,,,,,,,,,,,,,,,,,,,,,,,,
1158,NU_DELTA,1781391045.5864353,esp32-A,s2-nu2,6,45749962,ota_check,,,,,,,,,,,210084,,,200,1,,,,,-65,2207,,,,,,,,,,,,,,,1
1159,NU_DELTA,1781391045.607402,esp32-A,s2-nu2,7,45761165,ota_start,,,,,,,,0,s2-base,,,158480,,,1,,,,,-65,,,,,,,,,,,,,,,,
1160,NU_DELTA,1781391049.8923566,esp32-A,s2-nu2,8,50059830,heartbeat,,,,,,,,,,,150492,145752,,,,,,,,,,,,,,,,,,,,,,,,
1161,NU_DELTA,1781391054.7053099,esp32-A,s2-nu2,9,54849184,ota_summary,955712,955679,113,1,7472,955712,193.23,,,37.67,,,145752,,1,1,,,,-65,,,5822,61,1455,0,796785.5,687,4946,687,3,796724.5,0,9087,186,
1162,NU_DELTA,1781391054.7176273,esp32-A,s2-nu2,10,54880426,ota_reboot,,,,,,,,,,,,,,,,,,,,,,,,,,,,,,,,,,,,
1163,NU_DELTA,1781391055.5102963,esp32-A,s2-base,0,61171,boot,,,,,,,,,,,,,,,,,ota_1,1,3,,,61,,,,,,,,,,,,,,
1164,NU_DELTA,1781391075.5906372,esp32-A,s2-base,1,10059938,heartbeat,,,,,,,,,,,213956,210024,,,,,,,,,,,,,,,,,,,,,,,,
1165,NU_DELTA,1781391079.9069138,esp32-A,s2-base,2,12529847,ota_check,,,,,,,,,,,212040,,,200,0,,,,,-65,2307,,,,,,,,,,,,,,,0
1166,NU_DELTA,1781391079.917845,esp32-A,s2-base,3,20059934,heartbeat,,,,,,,,,,,212712,159044,,,,,,,,,,,,,,,,,,,,,,,,
1167,NU_DELTA,1781391085.5072532,esp32-A,s2-base,4,30059862,heartbeat,,,,,,,,,,,212712,159044,,,,,,,,,,,,,,,,,,,,,,,,
1168,NU_DELTA,1781391095.5071783,esp32-A,s2-base,5,40059862,heartbeat,,,,,,,,,,,212712,159044,,,,,,,,,,,,,,,,,,,,,,,,
1169,NU_DELTA,1781391101.355179,esp32-A,s2-base,6,45902711,ota_check,,,,,,,,,,,210284,,,200,1,,,,,-65,2359,,,,,,,,,,,,,,,1
1170,NU_DELTA,1781391101.3764808,esp32-A,s2-base,7,45913894,ota_start,,,,,,,,0,s2-nu2,,,158692,,,1,,,,,-65,,,,,,,,,,,,,,,,
1171,NU_DELTA,1781391105.5093324,esp32-A,s2-base,8,50060025,heartbeat,,,,,,,,,,,150480,145472,,,,,,,,,,,,,,,,,,,,,,,,
1172,NU_DELTA,1781391110.6494422,esp32-A,s2-base,9,55179175,ota_summary,955712,955679,113,1,7472,955712,188.1,,,37.67,,,145472,,1,1,,,,-65,,,5958,61,1505,0,852750.5,688,5081,689,3,852689.5,0,9265,185,
1173,NU_DELTA,1781391110.6697655,esp32-A,s2-base,10,55210432,ota_reboot,,,,,,,,,,,,,,,,,,,,,,,,,,,,,,,,,,,,
1174,NU_DELTA,1781391111.4752324,esp32-A,s2-nu2,0,61182,boot,,,,,,,,,,,,,,,,,ota_0,1,3,,,61,,,,,,,,,,,,,,
1175,NU_DELTA,1781391131.520179,esp32-A,s2-nu2,1,10059927,heartbeat,,,,,,,,,,,213948,210432,,,,,,,,,,,,,,,,,,,,,,,,
1176,NU_DELTA,1781391134.034573,esp32-A,s2-nu2,2,12458264,ota_check,,,,,,,,,,,212016,,,200,0,,,,,-66,2225,,,,,,,,,,,,,,,0
1177,NU_DELTA,1781391134.0427184,esp32-A,s2-nu2,3,20059926,heartbeat,,,,,,,,,,,212660,158508,,,,,,,,,,,,,,,,,,,,,,,,
1178,NU_DELTA,1781391141.473785,esp32-A,s2-nu2,4,30059870,heartbeat,,,,,,,,,,,212660,158508,,,,,,,,,,,,,,,,,,,,,,,,
1179,NU_DELTA,1781391151.4721315,esp32-A,s2-nu2,5,40059862,heartbeat,,,,,,,,,,,212660,158508,,,,,,,,,,,,,,,,,,,,,,,,
1180,NU_DELTA,1781391159.0312934,esp32-A,s2-nu2,6,47611160,ota_check,,,,,,,,,,,210068,,,200,1,,,,,-65,4148,,,,,,,,,,,,,,,1
1181,NU_DELTA,1781391159.053679,esp32-A,s2-nu2,7,47622372,ota_start,,,,,,,,0,s2-base,,,158468,,,1,,,,,-65,,,,,,,,,,,,,,,,
1182,NU_DELTA,1781391161.4727619,esp32-A,s2-nu2,8,50059913,heartbeat,,,,,,,,,,,147336,145704,,,,,,,,,,,,,,,,,,,,,,,,
1183,NU_DELTA,1781391170.1141965,esp32-A,s2-nu2,9,58679081,ota_summary,955712,955679,113,1,7472,955712,193.31,,,37.67,,,145704,,1,1,,,,-65,,,5821,57,3465,0,912187.6,687,4944,688,3,912130.6,0,11056,186,
1184,NU_DELTA,1781391170.1306067,esp32-A,s2-nu2,10,58710835,ota_reboot,,,,,,,,,,,,,,,,,,,,,,,,,,,,,,,,,,,,
1185,NU_DELTA,1781391170.916391,esp32-A,s2-base,0,57152,boot,,,,,,,,,,,,,,,,,ota_1,1,3,,,57,,,,,,,,,,,,,,
1186,NU_DELTA,1781391190.9960065,esp32-A,s2-base,1,10059896,heartbeat,,,,,,,,,,,213944,210024,,,,,,,,,,,,,,,,,,,,,,,,
1187,NU_DELTA,1781391194.7633948,esp32-A,s2-base,2,12542403,ota_check,,,,,,,,,,,212008,,,200,0,,,,,-65,2320,,,,,,,,,,,,,,,0
1188,NU_DELTA,1781391194.7708192,esp32-A,s2-base,3,20059920,heartbeat,,,,,,,,,,,212676,159132,,,,,,,,,,,,,,,,,,,,,,,,
1189,NU_DELTA,1781391200.916145,esp32-A,s2-base,4,30059865,heartbeat,,,,,,,,,,,212676,159132,,,,,,,,,,,,,,,,,,,,,,,,
1190,NU_DELTA,1781391210.9159737,esp32-A,s2-base,5,40059865,heartbeat,,,,,,,,,,,212676,159132,,,,,,,,,,,,,,,,,,,,,,,,
1191,NU_DELTA,1781391216.6673198,esp32-A,s2-base,6,45806813,ota_check,,,,,,,,,,,210476,,,200,1,,,,,-65,2253,,,,,,,,,,,,,,,1
1192,NU_DELTA,1781391216.6871688,esp32-A,s2-base,7,45818024,ota_start,,,,,,,,0,s2-nu2,,,158484,,,1,,,,,-65,,,,,,,,,,,,,,,,
1193,NU_DELTA,1781391220.921064,esp32-A,s2-base,8,50061254,heartbeat,,,,,,,,,,,150492,145760,,,,,,,,,,,,,,,,,,,,,,,,
1194,NU_DELTA,1781391225.965068,esp32-A,s2-base,9,55085121,ota_summary,955712,955679,113,1,7472,955712,187.91,,,37.67,,,145760,,1,1,,,,-65,,,5963,60,1484,0,968069.0,680,5086,690,3,968009.0,0,9267,184,
1195,NU_DELTA,1781391225.9815035,esp32-A,s2-base,10,55120432,ota_reboot,,,,,,,,,,,,,,,,,,,,,,,,,,,,,,,,,,,,
1196,NU_DELTA,1781391226.7946994,esp32-A,s2-nu2,0,60429,boot,,,,,,,,,,,,,,,,,ota_0,1,3,,,60,,,,,,,,,,,,,,
1197,NU_DELTA,1781391246.84947,esp32-A,s2-nu2,1,10059937,heartbeat,,,,,,,,,,,213956,210040,,,,,,,,,,,,,,,,,,,,,,,,
1198,NU_DELTA,1781391249.2936864,esp32-A,s2-nu2,2,13488549,ota_check,,,,,,,,,,,211812,,,200,0,,,,,-65,3265,,,,,,,,,,,,,,,0
1199,NU_DELTA,1781391249.308788,esp32-A,s2-nu2,3,20059991,heartbeat,,,,,,,,,,,212712,159128,,,,,,,,,,,,,,,,,,,,,,,,
1200,NU_DELTA,1781391256.790129,esp32-A,s2-nu2,4,30059871,heartbeat,,,,,,,,,,,212712,159128,,,,,,,,,,,,,,,,,,,,,,,,
1201,NU_DELTA,1781391266.7896552,esp32-A,s2-nu2,5,40059871,heartbeat,,,,,,,,,,,212712,159128,,,,,,,,,,,,,,,,,,,,,,,,
1202,NU_DELTA,1781391273.3855813,esp32-A,s2-nu2,6,46652335,ota_check,,,,,,,,,,,210624,,,200,1,,,,,-65,2159,,,,,,,,,,,,,,,1
1203,NU_DELTA,1781391273.4079132,esp32-A,s2-nu2,7,46663522,ota_start,,,,,,,,0,s2-base,,,158512,,,1,,,,,-65,,,,,,,,,,,,,,,,
1204,NU_DELTA,1781391276.7913623,esp32-A,s2-nu2,8,50060446,heartbeat,,,,,,,,,,,150488,145752,,,,,,,,,,,,,,,,,,,,,,,,
1205,NU_DELTA,1781391282.7012143,esp32-A,s2-nu2,9,55948454,ota_summary,955712,955679,113,1,7472,955712,192.96,,,37.67,,,145752,,1,1,,,,-65,,,5826,61,1671,0,1024782.4,681,4953,687,3,1024721.4,0,9284,183,
1206,NU_DELTA,1781391282.714205,esp32-A,s2-nu2,10,55980943,ota_reboot,,,,,,,,,,,,,,,,,,,,,,,,,,,,,,,,,,,,
1207,NU_DELTA,1781391283.507143,esp32-A,s2-base,0,61246,boot,,,,,,,,,,,,,,,,,ota_1,1,3,,,61,,,,,,,,,,,,,,
