id,exp_id,recv_utc,dev,fw,seq,t_us,ev,b_flash,b_from,b_patch,calls_r,calls_w,err,flash_kBps,force_full,fw_to,goodput_kBps,heap_free,heap_min,heap_min_during,heap_start,heap_total,heap_used,heap_used_pct,http,is_delta,largest_block_min,largest_block_start,mean_bytes_per_write,ok,part,part_size,prev_boot_marker,reset_reason,rssi,rtt_ms,stack_hwm,stack_size,stack_used_pct,t_app_ms,t_apply_wall_ms,t_boot_app_ms,t_connect_ms,t_decrypt,t_downtime_ms,t_finalize_ms,t_flash,t_from_read,t_http,t_reboot_ms,t_seek,t_total_ms,t_unaccounted_ms,update,wear_ratio
236,MN_FULL,1781480443.901259,esp32-A,s3-base-full,1,10049910,heartbeat,,,,,,,,,,,214052,210040,,,,,,,,,,,,,,,,,,,,,,,,,,,,,,,,,,,,
237,MN_FULL,1781480446.1451914,esp32-A,s3-base-full,2,12290780,ota_check,,,,,,,,,,,210284,,,,,,,200,1,,,,,,,,,-66,2078,,,,,,,,,,,,,,,,,,1,
238,MN_FULL,1781480447.9126673,esp32-A,s3-base-full,3,12303412,ota_start,,,,,,,,1,s3-mn1-full,,,158524,,,,,,,1,,,,,,,,,-66,,,,,,,,,,,,,,,,,,,,
239,MN_FULL,1781480453.9084249,esp32-A,s3-base-full,4,20050985,heartbeat,,,,,,,,,,,140024,137984,,,,,,,,,,,,,,,,,,,,,,,,,,,,,,,,,,,,
240,MN_FULL,1781480463.9014318,esp32-A,s3-base-full,5,30050215,heartbeat,,,,,,,,,,,148592,134716,,,,,,,,,,,,,,,,,,,,,,,,,,,,,,,,,,,,
241,MN_FULL,1781480464.1265795,esp32-A,s3-base-full,6,30241807,ota_summary,956128,956016,65185,128,19024,956128,101.87,,,25.35,,,134716,210420,,75704,25.5,,1,110592,110592,50.26,1,,1048576,,,-66,,8092,,34.15,,14041,60,2109,35,,669,9386,1535,2571,,0,17937,514,,16.09
242,MN_FULL,1781480464.1394784,esp32-A,s3-base-full,7,30290530,ota_reboot,,,,,,,,,,,,,,,,,,,,,,,,,,,,,,,,,,,,,,,,,,,,,,,,
243,MN_FULL,1781480464.9415514,esp32-A,s3-mn1-full,0,60471,boot,,,,,,,,,,,,,,,296920,,,,,,,,,ota_0,,1,3,,,,12288,,60,,,,,,,,,,,,,,,
244,MN_FULL,1781480484.969998,esp32-A,s3-mn1-full,1,10059986,heartbeat,,,,,,,,,,,214076,210024,,,,,,,,,,,,,,,,,,,,,,,,,,,,,,,,,,,,
245,MN_FULL,1781480486.108356,esp32-A,s3-mn1-full,2,12494685,ota_check,,,,,,,,,,,212012,,,,,,,200,0,,,,,,,,,-68,2262,,,,,,,,,,,,,,,,,,0,
246,MN_FULL,1781480486.1128654,esp32-A,s3-mn1-full,3,20060000,heartbeat,,,,,,,,,,,212664,158528,,,,,,,,,,,,,,,,,,,,,,,,,,,,,,,,,,,,
247,MN_FULL,1781480494.9358892,esp32-A,s3-mn1-full,4,30059897,heartbeat,,,,,,,,,,,212664,158528,,,,,,,,,,,,,,,,,,,,,,,,,,,,,,,,,,,,
248,MN_FULL,1781480504.9362173,esp32-A,s3-mn1-full,5,40059897,heartbeat,,,,,,,,,,,212664,158528,,,,,,,,,,,,,,,,,,,,,,,,,,,,,,,,,,,,
249,MN_FULL,1781480510.5542698,esp32-A,s3-mn1-full,6,45674089,ota_check,,,,,,,,,,,210428,,,,,,,200,1,,,,,,,,,-68,2170,,,,,,,,,,,,,,,,,,1,
250,MN_FULL,1781480510.5761786,esp32-A,s3-mn1-full,7,45686276,ota_start,,,,,,,,1,s3-base-full,,,158348,,,,,,,1,,,,,,,,,-68,,,,,,,,,,,,,,,,,,,,
251,MN_FULL,1781480514.9384005,esp32-A,s3-mn1-full,8,50060945,heartbeat,,,,,,,,,,,138004,137928,,,,,,,,,,,,,,,,,,,,,,,,,,,,,,,,,,,,
252,MN_FULL,1781480524.9366117,esp32-A,s3-mn1-full,9,60059992,heartbeat,,,,,,,,,,,148740,136136,,,,,,,,,,,,,,,,,,,,,,,,,,,,,,,,,,,,
253,MN_FULL,1781480526.9954531,esp32-A,s3-mn1-full,10,62085133,ota_summary,956064,955991,65127,128,19020,956064,104.09,,,38.04,,,136136,210620,,74484,25.09,,1,110592,110592,50.27,1,,1048576,,,-68,,7952,,35.29,,12861,61,1740,38,66770.0,683,9185,1541,1712,66709.0,0,16398,385,,16.1
254,MN_FULL,1781480527.043467,esp32-A,s3-mn1-full,11,62170212,ota_reboot,,,,,,,,,,,,,,,,,,,,,,,,,,,,,,,,,,,,,,,,,,,,,,,,
255,MN_FULL,1781480530.8484933,esp32-A,s3-base-full,0,61184,boot,,,,,,,,,,,,,,,296920,,,,,,,,,ota_1,,1,3,,,,12288,,61,,,,,,,,,,,,,,,
256,MN_FULL,1781480550.878447,esp32-A,s3-base-full,1,10059920,heartbeat,,,,,,,,,,,214076,210024,,,,,,,,,,,,,,,,,,,,,,,,,,,,,,,,,,,,
257,MN_FULL,1781480552.1594489,esp32-A,s3-base-full,2,12453181,ota_check,,,,,,,,,,,212216,,,,,,,200,0,,,,,,,,,-68,2220,,,,,,,,,,,,,,,,,,0,
258,MN_FULL,1781480552.162714,esp32-A,s3-base-full,3,20059867,heartbeat,,,,,,,,,,,212672,158512,,,,,,,,,,,,,,,,,,,,,,,,,,,,,,,,,,,,
259,MN_FULL,1781480560.8419995,esp32-A,s3-base-full,4,30059859,heartbeat,,,,,,,,,,,212672,158512,,,,,,,,,,,,,,,,,,,,,,,,,,,,,,,,,,,,
260,MN_FULL,1781480570.843219,esp32-A,s3-base-full,5,40060091,heartbeat,,,,,,,,,,,212672,158512,,,,,,,,,,,,,,,,,,,,,,,,,,,,,,,,,,,,
261,MN_FULL,1781480576.4282966,esp32-A,s3-base-full,6,45641164,ota_check,,,,,,,,,,,210232,,,,,,,200,1,,,,,,,,,-68,2178,,,,,,,,,,,,,,,,,,1,
262,MN_FULL,1781480576.4501941,esp32-A,s3-base-full,7,45653451,ota_start,,,,,,,,1,s3-mn1-full,,,158372,,,,,,,1,,,,,,,,,-68,,,,,,,,,,,,,,,,,,,,
263,MN_FULL,1781480580.8442972,esp32-A,s3-base-full,8,50060141,heartbeat,,,,,,,,,,,138296,138160,,,,,,,,,,,,,,,,,,,,,,,,,,,,,,,,,,,,
264,MN_FULL,1781480590.8435323,esp32-A,s3-base-full,9,60059987,heartbeat,,,,,,,,,,,148708,136232,,,,,,,,,,,,,,,,,,,,,,,,,,,,,,,,,,,,
265,MN_FULL,1781480593.4275472,esp32-A,s3-base-full,10,62610596,ota_summary,956128,956016,65185,128,19024,956128,101.08,,,34.16,,,136232,210616,,74384,25.05,,1,110592,110592,50.26,1,,1048576,,,-68,,7984,,35.03,,13467,61,1647,38,130176.1,690,9459,1549,1908,130115.1,0,16956,513,,16.09
266,MN_FULL,1781480593.4425251,esp32-A,s3-base-full,11,62660971,ota_reboot,,,,,,,,,,,,,,,,,,,,,,,,,,,,,,,,,,,,,,,,,,,,,,,,
267,MN_FULL,1781480594.2545817,esp32-A,s3-mn1-full,0,61356,boot,,,,,,,,,,,,,,,296920,,,,,,,,,ota_0,,1,3,,,,12288,,61,,,,,,,,,,,,,,,
268,MN_FULL,1781480614.284256,esp32-A,s3-mn1-full,1,10059983,heartbeat,,,,,,,,,,,214076,210060,,,,,,,,,,,,,,,,,,,,,,,,,,,,,,,,,,,,
269,MN_FULL,1781480615.5488453,esp32-A,s3-mn1-full,2,12443367,ota_check,,,,,,,,,,,212208,,,,,,,200,0,,,,,,,,,-68,2210,,,,,,,,,,,,,,,,,,0,
270,MN_FULL,1781480615.551564,esp32-A,s3-mn1-full,3,20059956,heartbeat,,,,,,,,,,,212676,158508,,,,,,,,,,,,,,,,,,,,,,,,,,,,,,,,,,,,
271,MN_FULL,1781480624.2479146,esp32-A,s3-mn1-full,4,30059884,heartbeat,,,,,,,,,,,212676,158508,,,,,,,,,,,,,,,,,,,,,,,,,,,,,,,,,,,,
272,MN_FULL,1781480634.2481458,esp32-A,s3-mn1-full,5,40059880,heartbeat,,,,,,,,,,,212676,158508,,,,,,,,,,,,,,,,,,,,,,,,,,,,,,,,,,,,
273,MN_FULL,1781480639.7854114,esp32-A,s3-mn1-full,6,45593197,ota_check,,,,,,,,,,,210636,,,,,,,200,1,,,,,,,,,-68,2139,,,,,,,,,,,,,,,,,,1,
274,MN_FULL,1781480639.8082,esp32-A,s3-mn1-full,7,45605473,ota_start,,,,,,,,1,s3-base-full,,,158188,,,,,,,1,,,,,,,,,-68,,,,,,,,,,,,,,,,,,,,
275,MN_FULL,1781480644.2493625,esp32-A,s3-mn1-full,8,50060091,heartbeat,,,,,,,,,,,141804,141396,,,,,,,,,,,,,,,,,,,,,,,,,,,,,,,,,,,,
276,MN_FULL,1781480654.2485497,esp32-A,s3-mn1-full,9,60059919,heartbeat,,,,,,,,,,,148736,136604,,,,,,,,,,,,,,,,,,,,,,,,,,,,,,,,,,,,
277,MN_FULL,1781480656.1425521,esp32-A,s3-mn1-full,10,61920043,ota_summary,956064,955991,65127,128,19020,956064,103.9,,,36.63,,,136604,210636,,74032,24.93,,1,110592,110592,50.27,1,,1048576,,,-68,,7952,,35.29,,12935,61,1531,35,196596.1,693,9202,1543,1778,196535.1,0,16313,377,,16.1
278,MN_FULL,1781480656.1584585,esp32-A,s3-mn1-full,11,61971003,ota_reboot,,,,,,,,,,,,,,,,,,,,,,,,,,,,,,,,,,,,,,,,,,,,,,,,
279,MN_FULL,1781480660.6745403,esp32-A,s3-base-full,0,61231,boot,,,,,,,,,,,,,,,296920,,,,,,,,,ota_1,,1,3,,,,12288,,61,,,,,,,,,,,,,,,
280,MN_FULL,1781480680.6979609,esp32-A,s3-base-full,1,10059914,heartbeat,,,,,,,,,,,214076,210024,,,,,,,,,,,,,,,,,,,,,,,,,,,,,,,,,,,,
281,MN_FULL,1781480681.9047468,esp32-A,s3-base-full,2,12552164,ota_check,,,,,,,,,,,212208,,,,,,,200,0,,,,,,,,,-68,2319,,,,,,,,,,,,,,,,,,0,
282,MN_FULL,1781480681.907756,esp32-A,s3-base-full,3,20059912,heartbeat,,,,,,,,,,,212684,158532,,,,,,,,,,,,,,,,,,,,,,,,,,,,,,,,,,,,
283,MN_FULL,1781480690.667934,esp32-A,s3-base-full,4,30059857,heartbeat,,,,,,,,,,,212684,158532,,,,,,,,,,,,,,,,,,,,,,,,,,,,,,,,,,,,
284,MN_FULL,1781480700.6807718,esp32-A,s3-base-full,5,40059857,heartbeat,,,,,,,,,,,212684,158532,,,,,,,,,,,,,,,,,,,,,,,,,,,,,,,,,,,,
285,MN_FULL,1781480706.3700707,esp32-A,s3-base-full,6,45738466,ota_check,,,,,,,,,,,209932,,,,,,,200,1,,,,,,,,,-68,2175,,,,,,,,,,,,,,,,,,1,
286,MN_FULL,1781480706.3919902,esp32-A,s3-base-full,7,45751089,ota_start,,,,,,,,1,s3-mn1-full,,,158316,,,,,,,1,,,,,,,,,-68,,,,,,,,,,,,,,,,,,,,
287,MN_FULL,1781480710.6905625,esp32-A,s3-base-full,8,50059910,heartbeat,,,,,,,,,,,141788,141372,,,,,,,,,,,,,,,,,,,,,,,,,,,,,,,,,,,,
288,MN_FULL,1781480720.6984162,esp32-A,s3-base-full,9,60060412,heartbeat,,,,,,,,,,,148736,137992,,,,,,,,,,,,,,,,,,,,,,,,,,,,,,,,,,,,
289,MN_FULL,1781480723.1705248,esp32-A,s3-base-full,10,62499931,ota_summary,956128,956016,65185,128,19024,956128,101.25,,,36.4,,,137992,210644,,72652,24.47,,1,110592,110592,50.26,1,,1048576,,,-68,,7952,,35.29,,13330,61,1580,34,259931.1,686,9443,1560,1791,259870.1,0,16748,502,,16.09
290,MN_FULL,1781480723.1863472,esp32-A,s3-base-full,11,62550946,ota_reboot,,,,,,,,,,,,,,,,,,,,,,,,,,,,,,,,,,,,,,,,,,,,,,,,
291,MN_FULL,1781480724.009623,esp32-A,s3-mn1-full,0,61331,boot,,,,,,,,,,,,,,,296920,,,,,,,,,ota_0,,1,3,,,,12288,,61,,,,,,,,,,,,,,,
292,MN_FULL,1781480744.039327,esp32-A,s3-mn1-full,1,10059980,heartbeat,,,,,,,,,,,213956,210024,,,,,,,,,,,,,,,,,,,,,,,,,,,,,,,,,,,,
293,MN_FULL,1781480745.2831836,esp32-A,s3-mn1-full,2,12375270,ota_check,,,,,,,,,,,211896,,,,,,,200,0,,,,,,,,,-68,2142,,,,,,,,,,,,,,,,,,0,
294,MN_FULL,1781480745.2862437,esp32-A,s3-mn1-full,3,20059906,heartbeat,,,,,,,,,,,212692,158560,,,,,,,,,,,,,,,,,,,,,,,,,,,,,,,,,,,,
295,MN_FULL,1781480754.0059695,esp32-A,s3-mn1-full,4,30059890,heartbeat,,,,,,,,,,,212692,158560,,,,,,,,,,,,,,,,,,,,,,,,,,,,,,,,,,,,
296,MN_FULL,1781480764.0091581,esp32-A,s3-mn1-full,5,40059886,heartbeat,,,,,,,,,,,212692,158560,,,,,,,,,,,,,,,,,,,,,,,,,,,,,,,,,,,,
297,MN_FULL,1781480769.5660462,esp32-A,s3-mn1-full,6,45610004,ota_check,,,,,,,,,,,210444,,,,,,,200,1,,,,,,,,,-68,2227,,,,,,,,,,,,,,,,,,1,
298,MN_FULL,1781480769.5881817,esp32-A,s3-mn1-full,7,45622284,ota_start,,,,,,,,1,s3-base-full,,,158224,,,,,,,1,,,,,,,,,-68,,,,,,,,,,,,,,,,,,,,
299,MN_FULL,1781480774.0135033,esp32-A,s3-mn1-full,8,50059669,heartbeat,,,,,,,,,,,138340,137968,,,,,,,,,,,,,,,,,,,,,,,,,,,,,,,,,,,,
300,MN_FULL,1781480784.019267,esp32-A,s3-mn1-full,9,60060441,heartbeat,,,,,,,,,,,148712,136140,,,,,,,,,,,,,,,,,,,,,,,,,,,,,,,,,,,,
301,MN_FULL,1781480785.920672,esp32-A,s3-mn1-full,10,61930299,ota_summary,956064,955991,65127,128,19020,956064,104.07,,,37.8,,,136140,210444,,74304,25.02,,1,110592,110592,50.27,1,,1048576,,,-68,,8080,,34.24,,12873,61,1604,36,325661.1,686,9187,1548,1723,325600.1,0,16306,379,,16.1
302,MN_FULL,1781480785.9336917,esp32-A,s3-mn1-full,11,61980967,ota_reboot,,,,,,,,,,,,,,,,,,,,,,,,,,,,,,,,,,,,,,,,,,,,,,,,
303,MN_FULL,1781480789.7396092,esp32-A,s3-base-full,0,61230,boot,,,,,,,,,,,,,,,296920,,,,,,,,,ota_1,,1,3,,,,12288,,61,,,,,,,,,,,,,,,
304,MN_FULL,1781480809.7625737,esp32-A,s3-base-full,1,10059913,heartbeat,,,,,,,,,,,214080,210024,,,,,,,,,,,,,,,,,,,,,,,,,,,,,,,,,,,,
305,MN_FULL,1781480810.9432566,esp32-A,s3-base-full,2,12555525,ota_check,,,,,,,,,,,212228,,,,,,,200,0,,,,,,,,,-68,2323,,,,,,,,,,,,,,,,,,0,
306,MN_FULL,1781480810.9477172,esp32-A,s3-base-full,3,20059911,heartbeat,,,,,,,,,,,212692,158560,,,,,,,,,,,,,,,,,,,,,,,,,,,,,,,,,,,,
307,MN_FULL,1781480819.7373269,esp32-A,s3-base-full,4,30059855,heartbeat,,,,,,,,,,,212692,158560,,,,,,,,,,,,,,,,,,,,,,,,,,,,,,,,,,,,
308,MN_FULL,1781480829.7384102,esp32-A,s3-base-full,5,40059855,heartbeat,,,,,,,,,,,212692,158560,,,,,,,,,,,,,,,,,,,,,,,,,,,,,,,,,,,,
309,MN_FULL,1781480835.4241173,esp32-A,s3-base-full,6,45741612,ota_check,,,,,,,,,,,210064,,,,,,,200,1,,,,,,,,,-68,2178,,,,,,,,,,,,,,,,,,1,
310,MN_FULL,1781480835.4460802,esp32-A,s3-base-full,7,45753916,ota_start,,,,,,,,1,s3-mn1-full,,,158204,,,,,,,1,,,,,,,,,-68,,,,,,,,,,,,,,,,,,,,
311,MN_FULL,1781480839.7394702,esp32-A,s3-base-full,8,50059830,heartbeat,,,,,,,,,,,138356,138064,,,,,,,,,,,,,,,,,,,,,,,,,,,,,,,,,,,,
312,MN_FULL,1781480849.740366,esp32-A,s3-base-full,9,60060359,heartbeat,,,,,,,,,,,148632,136176,,,,,,,,,,,,,,,,,,,,,,,,,,,,,,,,,,,,
313,MN_FULL,1781480852.1945088,esp32-A,s3-base-full,10,62480146,ota_summary,956128,956016,65185,128,19024,956128,101.41,,,36.42,,,136176,210064,,73888,24.88,,1,110592,110592,50.26,1,,1048576,,,-68,,7904,,35.68,,13324,61,1561,35,388954.2,692,9428,1549,1790,388893.2,0,16725,522,,16.09
314,MN_FULL,1781480852.2095444,esp32-A,s3-base-full,11,62530993,ota_reboot,,,,,,,,,,,,,,,,,,,,,,,,,,,,,,,,,,,,,,,,,,,,,,,,
315,MN_FULL,1781480853.0327003,esp32-A,s3-mn1-full,0,61429,boot,,,,,,,,,,,,,,,296920,,,,,,,,,ota_0,,1,3,,,,12288,,61,,,,,,,,,,,,,,,
316,MN_FULL,1781480873.0623193,esp32-A,s3-mn1-full,1,10059964,heartbeat,,,,,,,,,,,214080,210024,,,,,,,,,,,,,,,,,,,,,,,,,,,,,,,,,,,,
317,MN_FULL,1781480874.268581,esp32-A,s3-mn1-full,2,12459460,ota_check,,,,,,,,,,,212012,,,,,,,200,0,,,,,,,,,-66,2226,,,,,,,,,,,,,,,,,,0,
318,MN_FULL,1781480874.272595,esp32-A,s3-mn1-full,3,20059958,heartbeat,,,,,,,,,,,212684,158536,,,,,,,,,,,,,,,,,,,,,,,,,,,,,,,,,,,,
319,MN_FULL,1781480883.0272093,esp32-A,s3-mn1-full,4,30059886,heartbeat,,,,,,,,,,,212684,158536,,,,,,,,,,,,,,,,,,,,,,,,,,,,,,,,,,,,
320,MN_FULL,1781480893.014604,esp32-A,s3-mn1-full,5,40059890,heartbeat,,,,,,,,,,,212684,158536,,,,,,,,,,,,,,,,,,,,,,,,,,,,,,,,,,,,
321,MN_FULL,1781480898.6389577,esp32-A,s3-mn1-full,6,45687887,ota_check,,,,,,,,,,,210272,,,,,,,200,1,,,,,,,,,-67,2214,,,,,,,,,,,,,,,,,,1,
322,MN_FULL,1781480898.661001,esp32-A,s3-mn1-full,7,45700606,ota_start,,,,,,,,1,s3-base-full,,,158200,,,,,,,1,,,,,,,,,-67,,,,,,,,,,,,,,,,,,,,
323,MN_FULL,1781480903.0012176,esp32-A,s3-mn1-full,8,50060122,heartbeat,,,,,,,,,,,138352,137984,,,,,,,,,,,,,,,,,,,,,,,,,,,,,,,,,,,,
324,MN_FULL,1781480912.9904296,esp32-A,s3-mn1-full,9,60059954,heartbeat,,,,,,,,,,,148772,136176,,,,,,,,,,,,,,,,,,,,,,,,,,,,,,,,,,,,
325,MN_FULL,1781480914.9927034,esp32-A,s3-mn1-full,10,62029986,ota_summary,956064,955991,65127,128,19020,956064,103.89,,,36.63,,,136176,210656,,74480,25.08,,1,110592,110592,50.27,1,,1048576,,,-67,,7952,,35.29,,12939,61,1555,34,454768.8,679,9203,1545,1778,454707.8,0,16328,379,,16.1
326,MN_FULL,1781480915.0055575,esp32-A,s3-mn1-full,11,62080533,ota_reboot,,,,,,,,,,,,,,,,,,,,,,,,,,,,,,,,,,,,,,,,,,,,,,,,
327,MN_FULL,1781480918.8473089,esp32-A,s3-base-full,0,61206,boot,,,,,,,,,,,,,,,296920,,,,,,,,,ota_1,,1,3,,,,12288,,61,,,,,,,,,,,,,,,
328,MN_FULL,1781480938.8842638,esp32-A,s3-base-full,1,10059923,heartbeat,,,,,,,,,,,214072,210024,,,,,,,,,,,,,,,,,,,,,,,,,,,,,,,,,,,,
329,MN_FULL,1781480940.1214688,esp32-A,s3-base-full,2,12471295,ota_check,,,,,,,,,,,212012,,,,,,,200,0,,,,,,,,,-68,2239,,,,,,,,,,,,,,,,,,0,
330,MN_FULL,1781480940.1259544,esp32-A,s3-base-full,3,20059911,heartbeat,,,,,,,,,,,212676,158488,,,,,,,,,,,,,,,,,,,,,,,,,,,,,,,,,,,,
331,MN_FULL,1781480948.8230445,esp32-A,s3-base-full,4,30059855,heartbeat,,,,,,,,,,,212676,158488,,,,,,,,,,,,,,,,,,,,,,,,,,,,,,,,,,,,
332,MN_FULL,1781480958.8193479,esp32-A,s3-base-full,5,40059855,heartbeat,,,,,,,,,,,212676,158488,,,,,,,,,,,,,,,,,,,,,,,,,,,,,,,,,,,,
333,MN_FULL,1781480964.383458,esp32-A,s3-base-full,6,45622152,ota_check,,,,,,,,,,,210064,,,,,,,200,1,,,,,,,,,-68,2139,,,,,,,,,,,,,,,,,,1,
334,MN_FULL,1781480964.4054134,esp32-A,s3-base-full,7,45634419,ota_start,,,,,,,,1,s3-mn1-full,,,158208,,,,,,,1,,,,,,,,,-68,,,,,,,,,,,,,,,,,,,,
335,MN_FULL,1781480968.818146,esp32-A,s3-base-full,8,50060248,heartbeat,,,,,,,,,,,138284,138016,,,,,,,,,,,,,,,,,,,,,,,,,,,,,,,,,,,,
336,MN_FULL,1781480978.8174262,esp32-A,s3-base-full,9,60061246,heartbeat,,,,,,,,,,,148676,136100,,,,,,,,,,,,,,,,,,,,,,,,,,,,,,,,,,,,
337,MN_FULL,1781480981.1877453,esp32-A,s3-base-full,10,62400592,ota_summary,956128,956016,65185,128,19024,956128,101.19,,,36.09,,,136100,210640,,74540,25.1,,1,110592,110592,50.26,1,,1048576,,,-68,,7952,,35.29,,13354,61,1609,36,517956.2,683,9449,1547,1806,517895.2,0,16765,516,,16.09
338,MN_FULL,1781480981.2007916,esp32-A,s3-base-full,11,62450935,ota_reboot,,,,,,,,,,,,,,,,,,,,,,,,,,,,,,,,,,,,,,,,,,,,,,,,
339,MN_FULL,1781480982.0346777,esp32-A,s3-mn1-full,0,61453,boot,,,,,,,,,,,,,,,296920,,,,,,,,,ota_0,,1,3,,,,12288,,61,,,,,,,,,,,,,,,
340,MN_FULL,1781481002.0623043,esp32-A,s3-mn1-full,1,10059980,heartbeat,,,,,,,,,,,214080,210024,,,,,,,,,,,,,,,,,,,,,,,,,,,,,,,,,,,,
341,MN_FULL,1781481003.24033,esp32-A,s3-mn1-full,2,12357385,ota_check,,,,,,,,,,,212032,,,,,,,200,0,,,,,,,,,-68,2124,,,,,,,,,,,,,,,,,,0,
342,MN_FULL,1781481003.2436357,esp32-A,s3-mn1-full,3,20059906,heartbeat,,,,,,,,,,,212692,158392,,,,,,,,,,,,,,,,,,,,,,,,,,,,,,,,,,,,
343,MN_FULL,1781481012.0210645,esp32-A,s3-mn1-full,4,30059890,heartbeat,,,,,,,,,,,212692,158392,,,,,,,,,,,,,,,,,,,,,,,,,,,,,,,,,,,,
344,MN_FULL,1781481022.0325556,esp32-A,s3-mn1-full,5,40059890,heartbeat,,,,,,,,,,,212692,158392,,,,,,,,,,,,,,,,,,,,,,,,,,,,,,,,,,,,
345,MN_FULL,1781481027.6742096,esp32-A,s3-mn1-full,6,45691078,ota_check,,,,,,,,,,,210460,,,,,,,200,1,,,,,,,,,-68,2328,,,,,,,,,,,,,,,,,,1,
346,MN_FULL,1781481027.6962857,esp32-A,s3-mn1-full,7,45703367,ota_start,,,,,,,,1,s3-base-full,,,158392,,,,,,,1,,,,,,,,,-68,,,,,,,,,,,,,,,,,,,,
347,MN_FULL,1781481032.0454955,esp32-A,s3-mn1-full,8,50060657,heartbeat,,,,,,,,,,,141772,139752,,,,,,,,,,,,,,,,,,,,,,,,,,,,,,,,,,,,
348,MN_FULL,1781481042.0547924,esp32-A,s3-mn1-full,9,60060416,heartbeat,,,,,,,,,,,148704,137892,,,,,,,,,,,,,,,,,,,,,,,,,,,,,,,,,,,,
349,MN_FULL,1781481044.127065,esp32-A,s3-mn1-full,10,62099988,ota_summary,956064,955991,65127,128,19020,956064,103.87,,,35.24,,,137892,210652,,72760,24.5,,1,110592,110592,50.27,1,,1048576,,,-68,,8032,,34.64,,13011,61,1577,34,583889.0,687,9204,1547,1848,583828.0,0,16395,378,,16.1
350,MN_FULL,1781481044.140008,esp32-A,s3-mn1-full,11,62150450,ota_reboot,,,,,,,,,,,,,,,,,,,,,,,,,,,,,,,,,,,,,,,,,,,,,,,,
351,MN_FULL,1781481047.9674869,esp32-A,s3-base-full,0,61361,boot,,,,,,,,,,,,,,,296920,,,,,,,,,ota_1,,1,3,,,,12288,,61,,,,,,,,,,,,,,,
352,MN_FULL,1781481067.9982295,esp32-A,s3-base-full,1,10059916,heartbeat,,,,,,,,,,,214080,210228,,,,,,,,,,,,,,,,,,,,,,,,,,,,,,,,,,,,
353,MN_FULL,1781481069.2073646,esp32-A,s3-base-full,2,12452112,ota_check,,,,,,,,,,,211884,,,,,,,200,0,,,,,,,,,-68,2209,,,,,,,,,,,,,,,,,,0,
354,MN_FULL,1781481069.210334,esp32-A,s3-base-full,3,20059866,heartbeat,,,,,,,,,,,212688,158536,,,,,,,,,,,,,,,,,,,,,,,,,,,,,,,,,,,,
355,MN_FULL,1781481077.972271,esp32-A,s3-base-full,4,30059858,heartbeat,,,,,,,,,,,212688,158536,,,,,,,,,,,,,,,,,,,,,,,,,,,,,,,,,,,,
356,MN_FULL,1781481087.9744627,esp32-A,s3-base-full,5,40059858,heartbeat,,,,,,,,,,,212688,158536,,,,,,,,,,,,,,,,,,,,,,,,,,,,,,,,,,,,
357,MN_FULL,1781481093.58033,esp32-A,s3-base-full,6,45660830,ota_check,,,,,,,,,,,210472,,,,,,,200,1,,,,,,,,,-68,2197,,,,,,,,,,,,,,,,,,1,
358,MN_FULL,1781481093.6024024,esp32-A,s3-base-full,7,45673117,ota_start,,,,,,,,1,s3-mn1-full,,,158192,,,,,,,1,,,,,,,,,-68,,,,,,,,,,,,,,,,,,,,
359,MN_FULL,1781481097.9790614,esp32-A,s3-base-full,8,50060638,heartbeat,,,,,,,,,,,141820,141484,,,,,,,,,,,,,,,,,,,,,,,,,,,,,,,,,,,,
360,MN_FULL,1781481107.984381,esp32-A,s3-base-full,9,60061387,heartbeat,,,,,,,,,,,148624,136144,,,,,,,,,,,,,,,,,,,,,,,,,,,,,,,,,,,,
361,MN_FULL,1781481111.5619192,esp32-A,s3-base-full,10,63609983,ota_summary,956128,956016,65185,128,19024,956128,101.31,,,25.28,,,136144,210664,,74520,25.1,,1,110592,110592,50.26,1,,1048576,,,-68,,8032,,34.64,,14125,61,2022,34,648321.4,691,9438,1551,2579,648260.4,0,17936,523,,16.09
362,MN_FULL,1781481111.5749052,esp32-A,s3-base-full,11,63660451,ota_reboot,,,,,,,,,,,,,,,,,,,,,,,,,,,,,,,,,,,,,,,,,,,,,,,,
363,MN_FULL,1781481112.3998842,esp32-A,s3-mn1-full,0,61356,boot,,,,,,,,,,,,,,,296920,,,,,,,,,ota_0,,1,3,,,,12288,,61,,,,,,,,,,,,,,,
364,MN_FULL,1781481132.4271796,esp32-A,s3-mn1-full,1,10059976,heartbeat,,,,,,,,,,,214080,210024,,,,,,,,,,,,,,,,,,,,,,,,,,,,,,,,,,,,
365,MN_FULL,1781481133.6277504,esp32-A,s3-mn1-full,2,12480563,ota_check,,,,,,,,,,,212192,,,,,,,200,0,,,,,,,,,-68,2247,,,,,,,,,,,,,,,,,,0,
366,MN_FULL,1781481133.6309173,esp32-A,s3-mn1-full,3,20059970,heartbeat,,,,,,,,,,,212684,158524,,,,,,,,,,,,,,,,,,,,,,,,,,,,,,,,,,,,
367,MN_FULL,1781481142.395537,esp32-A,s3-mn1-full,4,30059890,heartbeat,,,,,,,,,,,212684,158524,,,,,,,,,,,,,,,,,,,,,,,,,,,,,,,,,,,,
368,MN_FULL,1781481152.3984337,esp32-A,s3-mn1-full,5,40059890,heartbeat,,,,,,,,,,,212684,158524,,,,,,,,,,,,,,,,,,,,,,,,,,,,,,,,,,,,
369,MN_FULL,1781481158.0969262,esp32-A,s3-mn1-full,6,45753158,ota_check,,,,,,,,,,,210664,,,,,,,200,1,,,,,,,,,-68,2259,,,,,,,,,,,,,,,,,,1,
370,MN_FULL,1781481158.1188166,esp32-A,s3-mn1-full,7,45765435,ota_start,,,,,,,,1,s3-base-full,,,158368,,,,,,,1,,,,,,,,,-68,,,,,,,,,,,,,,,,,,,,
371,MN_FULL,1781481162.401859,esp32-A,s3-mn1-full,8,50060210,heartbeat,,,,,,,,,,,141816,141544,,,,,,,,,,,,,,,,,,,,,,,,,,,,,,,,,,,,
372,MN_FULL,1781481172.4082222,esp32-A,s3-mn1-full,9,60061705,heartbeat,,,,,,,,,,,147048,136188,,,,,,,,,,,,,,,,,,,,,,,,,,,,,,,,,,,,
373,MN_FULL,1781481174.4775298,esp32-A,s3-mn1-full,10,62100159,ota_summary,956064,955991,65127,128,19020,956064,104.32,,,35.84,,,136188,210664,,74476,25.08,,1,110592,110592,50.27,1,,1048576,,,-68,,7984,,35.03,,12952,61,1582,33,714217.7,686,9165,1550,1817,714156.7,0,16333,387,,16.1
374,MN_FULL,1781481174.4914935,esp32-A,s3-mn1-full,11,62151001,ota_reboot,,,,,,,,,,,,,,,,,,,,,,,,,,,,,,,,,,,,,,,,,,,,,,,,
375,MN_FULL,1781481178.296193,esp32-A,s3-base-full,0,61318,boot,,,,,,,,,,,,,,,296920,,,,,,,,,ota_1,,1,3,,,,12288,,61,,,,,,,,,,,,,,,
376,MN_FULL,1781481198.322933,esp32-A,s3-base-full,1,10059931,heartbeat,,,,,,,,,,,214076,210024,,,,,,,,,,,,,,,,,,,,,,,,,,,,,,,,,,,,
377,MN_FULL,1781481199.5882626,esp32-A,s3-base-full,2,12439571,ota_check,,,,,,,,,,,212028,,,,,,,200,0,,,,,,,,,-68,2206,,,,,,,,,,,,,,,,,,0,
378,MN_FULL,1781481199.5912313,esp32-A,s3-base-full,3,20059909,heartbeat,,,,,,,,,,,212676,158520,,,,,,,,,,,,,,,,,,,,,,,,,,,,,,,,,,,,
379,MN_FULL,1781481208.2945235,esp32-A,s3-base-full,4,30059858,heartbeat,,,,,,,,,,,212676,158520,,,,,,,,,,,,,,,,,,,,,,,,,,,,,,,,,,,,
380,MN_FULL,1781481218.2959104,esp32-A,s3-base-full,5,40059858,heartbeat,,,,,,,,,,,212676,158520,,,,,,,,,,,,,,,,,,,,,,,,,,,,,,,,,,,,
381,MN_FULL,1781481223.8555338,esp32-A,s3-base-full,6,45615498,ota_check,,,,,,,,,,,210416,,,,,,,200,1,,,,,,,,,-68,2162,,,,,,,,,,,,,,,,,,1,
382,MN_FULL,1781481223.8775978,esp32-A,s3-base-full,7,45627777,ota_start,,,,,,,,1,s3-mn1-full,,,158188,,,,,,,1,,,,,,,,,-68,,,,,,,,,,,,,,,,,,,,
383,MN_FULL,1781481228.2984326,esp32-A,s3-base-full,8,50060160,heartbeat,,,,,,,,,,,141764,140032,,,,,,,,,,,,,,,,,,,,,,,,,,,,,,,,,,,,
384,MN_FULL,1781481238.3056343,esp32-A,s3-base-full,9,60063380,heartbeat,,,,,,,,,,,148668,136248,,,,,,,,,,,,,,,,,,,,,,,,,,,,,,,,,,,,
385,MN_FULL,1781481240.7027156,esp32-A,s3-base-full,10,62430100,ota_summary,956128,956016,65185,128,19024,956128,101.23,,,35.25,,,136248,210608,,74360,25.04,,1,110592,110592,50.26,1,,1048576,,,-68,,8032,,34.64,,13391,61,1609,34,777462.4,685,9445,1544,1849,777401.4,0,16801,519,,16.09
386,MN_FULL,1781481240.7176118,esp32-A,s3-base-full,11,62480989,ota_reboot,,,,,,,,,,,,,,,,,,,,,,,,,,,,,,,,,,,,,,,,,,,,,,,,
387,MN_FULL,1781481241.5408287,esp32-A,s3-mn1-full,0,61477,boot,,,,,,,,,,,,,,,296920,,,,,,,,,ota_0,,1,3,,,,12288,,61,,,,,,,,,,,,,,,
388,MN_FULL,1781481261.568135,esp32-A,s3-mn1-full,1,10059975,heartbeat,,,,,,,,,,,214076,210024,,,,,,,,,,,,,,,,,,,,,,,,,,,,,,,,,,,,
389,MN_FULL,1781481262.7808738,esp32-A,s3-mn1-full,2,12495689,ota_check,,,,,,,,,,,212204,,,,,,,200,0,,,,,,,,,-68,2263,,,,,,,,,,,,,,,,,,0,
390,MN_FULL,1781481262.7840126,esp32-A,s3-mn1-full,3,20059968,heartbeat,,,,,,,,,,,212676,158352,,,,,,,,,,,,,,,,,,,,,,,,,,,,,,,,,,,,
391,MN_FULL,1781481271.5370336,esp32-A,s3-mn1-full,4,30059892,heartbeat,,,,,,,,,,,212676,158352,,,,,,,,,,,,,,,,,,,,,,,,,,,,,,,,,,,,
392,MN_FULL,1781481281.5379632,esp32-A,s3-mn1-full,5,40059892,heartbeat,,,,,,,,,,,212676,158352,,,,,,,,,,,,,,,,,,,,,,,,,,,,,,,,,,,,
393,MN_FULL,1781481287.2326572,esp32-A,s3-mn1-full,6,45750198,ota_check,,,,,,,,,,,210060,,,,,,,200,1,,,,,,,,,-68,2246,,,,,,,,,,,,,,,,,,1,
394,MN_FULL,1781481287.2543786,esp32-A,s3-mn1-full,7,45762499,ota_start,,,,,,,,1,s3-base-full,,,158316,,,,,,,1,,,,,,,,,-68,,,,,,,,,,,,,,,,,,,,
395,MN_FULL,1781481291.5398607,esp32-A,s3-mn1-full,8,50060254,heartbeat,,,,,,,,,,,138332,138216,,,,,,,,,,,,,,,,,,,,,,,,,,,,,,,,,,,,
396,MN_FULL,1781481301.5487475,esp32-A,s3-mn1-full,9,60065944,heartbeat,,,,,,,,,,,148744,136152,,,,,,,,,,,,,,,,,,,,,,,,,,,,,,,,,,,,
397,MN_FULL,1781481303.763998,esp32-A,s3-mn1-full,10,62250412,ota_summary,956064,955991,65127,128,19020,956064,104.16,,,33.26,,,136152,210644,,74492,25.09,,1,110592,110592,50.27,1,,1048576,,,-68,,8080,,34.24,,13093,61,1595,34,843523.7,686,9179,1548,1958,843462.7,0,16487,374,,16.1
398,MN_FULL,1781481303.7768602,esp32-A,s3-mn1-full,11,62300458,ota_reboot,,,,,,,,,,,,,,,,,,,,,,,,,,,,,,,,,,,,,,,,,,,,,,,,
399,MN_FULL,1781481307.6021955,esp32-A,s3-base-full,0,61318,boot,,,,,,,,,,,,,,,296920,,,,,,,,,ota_1,,1,3,,,,12288,,61,,,,,,,,,,,,,,,
400,MN_FULL,1781481327.6293046,esp32-A,s3-base-full,1,10059915,heartbeat,,,,,,,,,,,214076,210228,,,,,,,,,,,,,,,,,,,,,,,,,,,,,,,,,,,,
401,MN_FULL,1781481328.7561433,esp32-A,s3-base-full,2,12654863,ota_check,,,,,,,,,,,212020,,,,,,,200,0,,,,,,,,,-69,2412,,,,,,,,,,,,,,,,,,0,
402,MN_FULL,1781481328.7595649,esp32-A,s3-base-full,3,20059914,heartbeat,,,,,,,,,,,212672,158528,,,,,,,,,,,,,,,,,,,,,,,,,,,,,,,,,,,,
403,MN_FULL,1781481337.5976884,esp32-A,s3-base-full,4,30059858,heartbeat,,,,,,,,,,,212672,158528,,,,,,,,,,,,,,,,,,,,,,,,,,,,,,,,,,,,
404,MN_FULL,1781481347.5983746,esp32-A,s3-base-full,5,40059858,heartbeat,,,,,,,,,,,212672,158528,,,,,,,,,,,,,,,,,,,,,,,,,,,,,,,,,,,,
405,MN_FULL,1781481353.3808877,esp32-A,s3-base-full,6,45837747,ota_check,,,,,,,,,,,210628,,,,,,,200,1,,,,,,,,,-69,2173,,,,,,,,,,,,,,,,,,1,
406,MN_FULL,1781481353.4029334,esp32-A,s3-base-full,7,45850017,ota_start,,,,,,,,1,s3-mn1-full,,,158352,,,,,,,1,,,,,,,,,-69,,,,,,,,,,,,,,,,,,,,
407,MN_FULL,1781481357.5992427,esp32-A,s3-base-full,8,50059675,heartbeat,,,,,,,,,,,141804,139728,,,,,,,,,,,,,,,,,,,,,,,,,,,,,,,,,,,,
408,MN_FULL,1781481367.5989382,esp32-A,s3-base-full,9,60059658,heartbeat,,,,,,,,,,,148724,136244,,,,,,,,,,,,,,,,,,,,,,,,,,,,,,,,,,,,
409,MN_FULL,1781481370.344288,esp32-A,s3-base-full,10,62770012,ota_summary,956128,956016,65185,128,19024,956128,101.44,,,34.36,,,136244,210628,,74384,25.05,,1,110592,110592,50.26,1,,1048576,,,-69,,7936,,35.42,,13429,61,1709,37,907093.8,677,9426,1563,1897,907032.8,0,16919,506,,16.09
410,MN_FULL,1781481370.3592596,esp32-A,s3-base-full,11,62821054,ota_reboot,,,,,,,,,,,,,,,,,,,,,,,,,,,,,,,,,,,,,,,,,,,,,,,,
411,MN_FULL,1781481371.1722708,esp32-A,s3-mn1-full,0,61298,boot,,,,,,,,,,,,,,,296920,,,,,,,,,ota_0,,1,3,,,,12288,,61,,,,,,,,,,,,,,,
412,MN_FULL,1781481391.2003782,esp32-A,s3-mn1-full,1,10059979,heartbeat,,,,,,,,,,,214076,210024,,,,,,,,,,,,,,,,,,,,,,,,,,,,,,,,,,,,
413,MN_FULL,1781481392.398408,esp32-A,s3-mn1-full,2,12383045,ota_check,,,,,,,,,,,211892,,,,,,,200,0,,,,,,,,,-68,2150,,,,,,,,,,,,,,,,,,0,
414,MN_FULL,1781481392.401402,esp32-A,s3-mn1-full,3,20059970,heartbeat,,,,,,,,,,,212680,158532,,,,,,,,,,,,,,,,,,,,,,,,,,,,,,,,,,,,
415,MN_FULL,1781481401.1665926,esp32-A,s3-mn1-full,4,30059890,heartbeat,,,,,,,,,,,212680,158532,,,,,,,,,,,,,,,,,,,,,,,,,,,,,,,,,,,,
416,MN_FULL,1781481411.1644316,esp32-A,s3-mn1-full,5,40059890,heartbeat,,,,,,,,,,,212680,158532,,,,,,,,,,,,,,,,,,,,,,,,,,,,,,,,,,,,
417,MN_FULL,1781481416.6882706,esp32-A,s3-mn1-full,6,45581623,ota_check,,,,,,,,,,,210268,,,,,,,200,1,,,,,,,,,-68,2188,,,,,,,,,,,,,,,,,,1,
418,MN_FULL,1781481416.7101226,esp32-A,s3-mn1-full,7,45593911,ota_start,,,,,,,,1,s3-base-full,,,158372,,,,,,,1,,,,,,,,,-68,,,,,,,,,,,,,,,,,,,,
419,MN_FULL,1781481421.163444,esp32-A,s3-mn1-full,8,50060240,heartbeat,,,,,,,,,,,141800,141504,,,,,,,,,,,,,,,,,,,,,,,,,,,,,,,,,,,,
420,MN_FULL,1781481431.1603804,esp32-A,s3-mn1-full,9,60060039,heartbeat,,,,,,,,,,,147016,138004,,,,,,,,,,,,,,,,,,,,,,,,,,,,,,,,,,,,
421,MN_FULL,1781481433.1139462,esp32-A,s3-mn1-full,10,61980002,ota_summary,956064,955991,65127,128,19020,956064,103.81,,,35.47,,,138004,210652,,72648,24.47,,1,110592,110592,50.27,1,,1048576,,,-68,,8064,,34.38,,12997,57,1589,34,972874.9,691,9210,1546,1836,972817.9,0,16385,371,,16.1
422,MN_FULL,1781481433.1290731,esp32-A,s3-mn1-full,11,62031028,ota_reboot,,,,,,,,,,,,,,,,,,,,,,,,,,,,,,,,,,,,,,,,,,,,,,,,
423,MN_FULL,1781481436.9573596,esp32-A,s3-base-full,0,57167,boot,,,,,,,,,,,,,,,296920,,,,,,,,,ota_1,,1,3,,,,12288,,57,,,,,,,,,,,,,,,
424,MN_FULL,1781481456.9933965,esp32-A,s3-base-full,1,10059910,heartbeat,,,,,,,,,,,214072,210060,,,,,,,,,,,,,,,,,,,,,,,,,,,,,,,,,,,,
425,MN_FULL,1781481458.1303048,esp32-A,s3-base-full,2,12468266,ota_check,,,,,,,,,,,211692,,,,,,,200,0,,,,,,,,,-68,2245,,,,,,,,,,,,,,,,,,0,
426,MN_FULL,1781481458.133363,esp32-A,s3-base-full,3,20059897,heartbeat,,,,,,,,,,,212672,158548,,,,,,,,,,,,,,,,,,,,,,,,,,,,,,,,,,,,
427,MN_FULL,1781481466.9498816,esp32-A,s3-base-full,4,30059845,heartbeat,,,,,,,,,,,212672,158548,,,,,,,,,,,,,,,,,,,,,,,,,,,,,,,,,,,,
428,MN_FULL,1781481476.9485247,esp32-A,s3-base-full,5,40059845,heartbeat,,,,,,,,,,,212672,158548,,,,,,,,,,,,,,,,,,,,,,,,,,,,,,,,,,,,
429,MN_FULL,1781481482.627073,esp32-A,s3-base-full,6,45735313,ota_check,,,,,,,,,,,210052,,,,,,,200,1,,,,,,,,,-68,2262,,,,,,,,,,,,,,,,,,1,
430,MN_FULL,1781481482.6488636,esp32-A,s3-base-full,7,45747600,ota_start,,,,,,,,1,s3-mn1-full,,,158212,,,,,,,1,,,,,,,,,-68,,,,,,,,,,,,,,,,,,,,
431,MN_FULL,1781481486.9494216,esp32-A,s3-base-full,8,50060656,heartbeat,,,,,,,,,,,140036,139760,,,,,,,,,,,,,,,,,,,,,,,,,,,,,,,,,,,,
432,MN_FULL,1781481496.9495063,esp32-A,s3-base-full,9,60060404,heartbeat,,,,,,,,,,,148716,136120,,,,,,,,,,,,,,,,,,,,,,,,,,,,,,,,,,,,
433,MN_FULL,1781481499.4764373,esp32-A,s3-base-full,10,62555921,ota_summary,956128,956016,65185,128,19024,956128,101.36,,,35.39,,,136120,210640,,74520,25.1,,1,110592,110592,50.26,1,,1048576,,,-68,,8032,,34.64,,13369,60,1647,35,1036227.7,683,9433,1564,1842,1036167.7,0,16807,495,,16.09
434,MN_FULL,1781481499.4891374,esp32-A,s3-base-full,11,62601324,ota_reboot,,,,,,,,,,,,,,,,,,,,,,,,,,,,,,,,,,,,,,,,,,,,,,,,
435,MN_FULL,1781481500.3071642,esp32-A,s3-mn1-full,0,60541,boot,,,,,,,,,,,,,,,296920,,,,,,,,,ota_0,,1,3,,,,12288,,60,,,,,,,,,,,,,,,
436,MN_FULL,1781481520.3366241,esp32-A,s3-mn1-full,1,10059899,heartbeat,,,,,,,,,,,214072,210428,,,,,,,,,,,,,,,,,,,,,,,,,,,,,,,,,,,,
437,MN_FULL,1781481521.5419705,esp32-A,s3-mn1-full,2,12658617,ota_check,,,,,,,,,,,212212,,,,,,,200,0,,,,,,,,,-68,2366,,,,,,,,,,,,,,,,,,0,
438,MN_FULL,1781481521.5452638,esp32-A,s3-mn1-full,3,20059960,heartbeat,,,,,,,,,,,212672,158500,,,,,,,,,,,,,,,,,,,,,,,,,,,,,,,,,,,,
439,MN_FULL,1781481530.2988935,esp32-A,s3-mn1-full,4,30059880,heartbeat,,,,,,,,,,,212672,158500,,,,,,,,,,,,,,,,,,,,,,,,,,,,,,,,,,,,
440,MN_FULL,1781481540.2981484,esp32-A,s3-mn1-full,5,40059880,heartbeat,,,,,,,,,,,212672,158500,,,,,,,,,,,,,,,,,,,,,,,,,,,,,,,,,,,,
441,MN_FULL,1781481546.0978863,esp32-A,s3-mn1-full,6,45856463,ota_check,,,,,,,,,,,210456,,,,,,,200,1,,,,,,,,,-68,2193,,,,,,,,,,,,,,,,,,1,
442,MN_FULL,1781481546.1199105,esp32-A,s3-mn1-full,7,45868746,ota_start,,,,,,,,1,s3-base-full,,,158316,,,,,,,1,,,,,,,,,-68,,,,,,,,,,,,,,,,,,,,
443,MN_FULL,1781481550.296606,esp32-A,s3-mn1-full,8,50059803,heartbeat,,,,,,,,,,,143516,139800,,,,,,,,,,,,,,,,,,,,,,,,,,,,,,,,,,,,
444,MN_FULL,1781481560.2981734,esp32-A,s3-mn1-full,9,60060472,heartbeat,,,,,,,,,,,146836,137824,,,,,,,,,,,,,,,,,,,,,,,,,,,,,,,,,,,,
445,MN_FULL,1781481562.8409433,esp32-A,s3-mn1-full,10,62570131,ota_summary,956064,955991,65127,128,19020,956064,104.01,,,36.28,,,137824,210648,,72824,24.53,,1,110592,110592,50.27,1,,1048576,,,-68,,8036,,34.6,,12959,61,1857,36,1102610.4,689,9192,1552,1795,1102549.4,0,16700,384,,16.1
446,MN_FULL,1781481562.855933,esp32-A,s3-mn1-full,11,62621222,ota_reboot,,,,,,,,,,,,,,,,,,,,,,,,,,,,,,,,,,,,,,,,,,,,,,,,
447,MN_FULL,1781481566.6888583,esp32-A,s3-base-full,0,61249,boot,,,,,,,,,,,,,,,296920,,,,,,,,,ota_1,,1,3,,,,12288,,61,,,,,,,,,,,,,,,
448,MN_FULL,1781481586.7144911,esp32-A,s3-base-full,1,10059909,heartbeat,,,,,,,,,,,214084,210060,,,,,,,,,,,,,,,,,,,,,,,,,,,,,,,,,,,,
449,MN_FULL,1781481587.99834,esp32-A,s3-base-full,2,12549574,ota_check,,,,,,,,,,,211880,,,,,,,200,0,,,,,,,,,-69,2317,,,,,,,,,,,,,,,,,,0,
450,MN_FULL,1781481588.0013468,esp32-A,s3-base-full,3,20059898,heartbeat,,,,,,,,,,,212680,158400,,,,,,,,,,,,,,,,,,,,,,,,,,,,,,,,,,,,
451,MN_FULL,1781481596.680857,esp32-A,s3-base-full,4,30059846,heartbeat,,,,,,,,,,,212680,158400,,,,,,,,,,,,,,,,,,,,,,,,,,,,,,,,,,,,
452,MN_FULL,1781481606.680612,esp32-A,s3-base-full,5,40059871,heartbeat,,,,,,,,,,,212680,158400,,,,,,,,,,,,,,,,,,,,,,,,,,,,,,,,,,,,
453,MN_FULL,1781481612.4375472,esp32-A,s3-base-full,6,45813111,ota_check,,,,,,,,,,,210436,,,,,,,200,1,,,,,,,,,-65,2250,,,,,,,,,,,,,,,,,,1,
454,MN_FULL,1781481612.4594529,esp32-A,s3-base-full,7,45825405,ota_start,,,,,,,,1,s3-mn1-full,,,158400,,,,,,,1,,,,,,,,,-65,,,,,,,,,,,,,,,,,,,,
455,MN_FULL,1781481616.680379,esp32-A,s3-base-full,8,50059661,heartbeat,,,,,,,,,,,141784,141492,,,,,,,,,,,,,,,,,,,,,,,,,,,,,,,,,,,,
456,MN_FULL,1781481626.6804466,esp32-A,s3-base-full,9,60059910,heartbeat,,,,,,,,,,,148712,137872,,,,,,,,,,,,,,,,,,,,,,,,,,,,,,,,,,,,
457,MN_FULL,1781481629.1042821,esp32-A,s3-base-full,10,62450481,ota_summary,956128,956016,65185,128,19024,956128,101.31,,,36.99,,,137872,210628,,72756,24.5,,1,110592,110592,50.26,1,,1048576,,,-65,,8080,,34.24,,13305,61,1505,35,1165863.8,681,9438,1547,1762,1165802.8,0,16624,523,,16.09
458,MN_FULL,1781481629.1203148,esp32-A,s3-base-full,11,62500959,ota_reboot,,,,,,,,,,,,,,,,,,,,,,,,,,,,,,,,,,,,,,,,,,,,,,,,
459,MN_FULL,1781481629.942264,esp32-A,s3-mn1-full,0,61364,boot,,,,,,,,,,,,,,,296920,,,,,,,,,ota_0,,1,3,,,,12288,,61,,,,,,,,,,,,,,,
460,MN_FULL,1781481649.97216,esp32-A,s3-mn1-full,1,10059920,heartbeat,,,,,,,,,,,214076,210024,,,,,,,,,,,,,,,,,,,,,,,,,,,,,,,,,,,,
461,MN_FULL,1781481651.5883973,esp32-A,s3-mn1-full,2,12587295,ota_check,,,,,,,,,,,212028,,,,,,,200,0,,,,,,,,,-73,2354,,,,,,,,,,,,,,,,,,0,
462,MN_FULL,1781481651.5913038,esp32-A,s3-mn1-full,3,20059968,heartbeat,,,,,,,,,,,212680,158508,,,,,,,,,,,,,,,,,,,,,,,,,,,,,,,,,,,,
463,MN_FULL,1781481659.935148,esp32-A,s3-mn1-full,4,30059892,heartbeat,,,,,,,,,,,212680,158508,,,,,,,,,,,,,,,,,,,,,,,,,,,,,,,,,,,,
464,MN_FULL,1781481669.9348328,esp32-A,s3-mn1-full,5,40059892,heartbeat,,,,,,,,,,,212680,158508,,,,,,,,,,,,,,,,,,,,,,,,,,,,,,,,,,,,
465,MN_FULL,1781481675.6289537,esp32-A,s3-mn1-full,6,45750082,ota_check,,,,,,,,,,,210068,,,,,,,200,1,,,,,,,,,-67,2157,,,,,,,,,,,,,,,,,,1,
466,MN_FULL,1781481675.6509285,esp32-A,s3-mn1-full,7,45762339,ota_start,,,,,,,,1,s3-base-full,,,158188,,,,,,,1,,,,,,,,,-67,,,,,,,,,,,,,,,,,,,,
467,MN_FULL,1781481679.934966,esp32-A,s3-mn1-full,8,50059678,heartbeat,,,,,,,,,,,141848,141420,,,,,,,,,,,,,,,,,,,,,,,,,,,,,,,,,,,,
468,MN_FULL,1781481689.9439852,esp32-A,s3-mn1-full,9,60065658,heartbeat,,,,,,,,,,,148760,139724,,,,,,,,,,,,,,,,,,,,,,,,,,,,,,,,,,,,
469,MN_FULL,1781481692.3689623,esp32-A,s3-mn1-full,10,62459996,ota_summary,956064,955991,65127,128,19020,956064,103.84,,,35.28,,,139724,210644,,70920,23.89,,1,110592,110592,50.27,1,,1048576,,,-67,,8080,,34.24,,13022,61,1804,33,1232128.5,696,9207,1547,1846,1232067.5,0,16696,389,,16.1
470,MN_FULL,1781481692.383946,esp32-A,s3-mn1-full,11,62511231,ota_reboot,,,,,,,,,,,,,,,,,,,,,,,,,,,,,,,,,,,,,,,,,,,,,,,,
471,MN_FULL,1781481696.2070277,esp32-A,s3-base-full,0,61345,boot,,,,,,,,,,,,,,,296920,,,,,,,,,ota_1,,1,3,,,,12288,,61,,,,,,,,,,,,,,,
